-- Seed deterministic content packs, lexemes, inflections, and task specs
BEGIN TRANSACTION;

DELETE FROM pack_lexeme_map WHERE pack_id IN (
  'pack:adjectives-foundation:1',
  'pack:nouns-foundation:1',
  'pack:verbs-foundation:1'
);
DELETE FROM task_specs WHERE id IN (
  'task:de:adjective:freundlich:6998fa1a:adj_ending:1:ed7a3665',
  'task:de:adjective:schnell:5f78762a:adj_ending:1:f5b4dc1e',
  'task:de:noun:apfel:9265acb7:noun_case_declension:1:0819e9bc',
  'task:de:noun:flughafen:7bcec107:noun_case_declension:1:873c6fb3',
  'task:de:noun:frau:48e5edb0:noun_case_declension:1:77a280ed',
  'task:de:noun:haus:5be69b76:noun_case_declension:1:8ba23b1a',
  'task:de:noun:regierung:3bf1d9a1:noun_case_declension:1:b37b1deb',
  'task:de:verb:arbeiten:905fa38d:conjugate_form:1:bd580ed8',
  'task:de:verb:arbeiten:905fa38d:conjugate_form:2:12220cac',
  'task:de:verb:beinhalten:fe6f16ea:conjugate_form:1:1d09ab7a',
  'task:de:verb:beinhalten:fe6f16ea:conjugate_form:2:34e5b22a',
  'task:de:verb:beschlieen:b68aaef9:conjugate_form:1:cf691764',
  'task:de:verb:beschlieen:b68aaef9:conjugate_form:2:fbe233a8',
  'task:de:verb:bewerten:8ba3cd51:conjugate_form:1:40a4b311',
  'task:de:verb:bewerten:8ba3cd51:conjugate_form:2:7c9079d8',
  'task:de:verb:differenzieren:dfd84879:conjugate_form:1:3bbdbe9c',
  'task:de:verb:differenzieren:dfd84879:conjugate_form:2:f24ad9fb',
  'task:de:verb:durchfuhren:d7dd8386:conjugate_form:1:2c58a283',
  'task:de:verb:durchfuhren:d7dd8386:conjugate_form:2:ff7af9ab',
  'task:de:verb:entsprechen:57d109b8:conjugate_form:1:995bbdc4',
  'task:de:verb:entsprechen:57d109b8:conjugate_form:2:d249263c',
  'task:de:verb:entstehen:1f1ff688:conjugate_form:1:6ca90e42',
  'task:de:verb:entstehen:1f1ff688:conjugate_form:2:884f876e',
  'task:de:verb:erortern:09d9db06:conjugate_form:1:72542330',
  'task:de:verb:erortern:09d9db06:conjugate_form:2:f658bbb6',
  'task:de:verb:erreichen:94cfa315:conjugate_form:1:3cd5b367',
  'task:de:verb:erreichen:94cfa315:conjugate_form:2:f5e281c5',
  'task:de:verb:essen:9062b395:conjugate_form:1:71a6436f',
  'task:de:verb:essen:9062b395:conjugate_form:2:89c60b9f',
  'task:de:verb:fahren:15cf3f6b:conjugate_form:1:bad98e13',
  'task:de:verb:fahren:15cf3f6b:conjugate_form:2:89297dfc',
  'task:de:verb:fliegen:75459563:conjugate_form:1:cc487f39',
  'task:de:verb:fliegen:75459563:conjugate_form:2:fb1db13b',
  'task:de:verb:gedeihen:8ff24825:conjugate_form:1:134320da',
  'task:de:verb:gedeihen:8ff24825:conjugate_form:2:dd0bdf2b',
  'task:de:verb:gehen:c7dab9ca:conjugate_form:1:acaba522',
  'task:de:verb:gehen:c7dab9ca:conjugate_form:2:974a1ce6',
  'task:de:verb:haben:6b7855da:conjugate_form:1:f7700b3c',
  'task:de:verb:haben:6b7855da:conjugate_form:2:4d4919a7',
  'task:de:verb:heien:0a417ffe:conjugate_form:1:b2e3b5a5',
  'task:de:verb:heien:0a417ffe:conjugate_form:2:41649159',
  'task:de:verb:horen:76923fd3:conjugate_form:1:7876028c',
  'task:de:verb:horen:76923fd3:conjugate_form:2:47e22841',
  'task:de:verb:kaufen:b2486f52:conjugate_form:1:e176f3fc',
  'task:de:verb:kaufen:b2486f52:conjugate_form:2:48438cf3',
  'task:de:verb:kommen:7df1ed0e:conjugate_form:1:c775599e',
  'task:de:verb:kommen:7df1ed0e:conjugate_form:2:ea852eaa',
  'task:de:verb:konnen:f5b71764:conjugate_form:1:53a0fb89',
  'task:de:verb:konnen:f5b71764:conjugate_form:2:e7b864a3',
  'task:de:verb:laufen:a1f8f02c:conjugate_form:1:ec588a48',
  'task:de:verb:laufen:a1f8f02c:conjugate_form:2:bbededa4',
  'task:de:verb:leben:eedbdf34:conjugate_form:1:1eb6d6cd',
  'task:de:verb:leben:eedbdf34:conjugate_form:2:c963e1fd',
  'task:de:verb:lernen:5b328a53:conjugate_form:1:7faeff2f',
  'task:de:verb:lernen:5b328a53:conjugate_form:2:3ed01d4f',
  'task:de:verb:lesen:c900d552:conjugate_form:1:b4a99265',
  'task:de:verb:lesen:c900d552:conjugate_form:2:8df6c882',
  'task:de:verb:machen:3e9552c8:conjugate_form:1:31576471',
  'task:de:verb:machen:3e9552c8:conjugate_form:2:3af8e751',
  'task:de:verb:mussen:5c5eebed:conjugate_form:1:53200caa',
  'task:de:verb:mussen:5c5eebed:conjugate_form:2:9a84db25',
  'task:de:verb:schlafen:d2453ec6:conjugate_form:1:52f22253',
  'task:de:verb:schlafen:d2453ec6:conjugate_form:2:3b358c53',
  'task:de:verb:schreiben:954e0878:conjugate_form:1:d9cc235e',
  'task:de:verb:schreiben:954e0878:conjugate_form:2:7a9179d6',
  'task:de:verb:schwimmen:669504d1:conjugate_form:1:203f0b85',
  'task:de:verb:schwimmen:669504d1:conjugate_form:2:d4737f9b',
  'task:de:verb:sehen:b70191ab:conjugate_form:1:fbf4d725',
  'task:de:verb:sehen:b70191ab:conjugate_form:2:e6169ae8',
  'task:de:verb:sein:406c878d:conjugate_form:1:27131c62',
  'task:de:verb:sein:406c878d:conjugate_form:2:059130a6',
  'task:de:verb:sollen:d4809c2d:conjugate_form:1:0146e0ed',
  'task:de:verb:sollen:d4809c2d:conjugate_form:2:b827b7a5',
  'task:de:verb:spielen:71cf6aa9:conjugate_form:1:d0e5b3e0',
  'task:de:verb:spielen:71cf6aa9:conjugate_form:2:9e6f555b',
  'task:de:verb:sprechen:1c525275:conjugate_form:1:c0d6448e',
  'task:de:verb:sprechen:1c525275:conjugate_form:2:72d7211a',
  'task:de:verb:suggerieren:3dbc0640:conjugate_form:1:5d1312b6',
  'task:de:verb:suggerieren:3dbc0640:conjugate_form:2:96695288',
  'task:de:verb:tanzen:2154a418:conjugate_form:1:5fbaee68',
  'task:de:verb:tanzen:2154a418:conjugate_form:2:b9e8b143',
  'task:de:verb:trinken:2db1376a:conjugate_form:1:252e598e',
  'task:de:verb:trinken:2db1376a:conjugate_form:2:42fee64a',
  'task:de:verb:ubertragen:f1a0f3ad:conjugate_form:1:2857eaf0',
  'task:de:verb:ubertragen:f1a0f3ad:conjugate_form:2:94fa9bd3',
  'task:de:verb:verbinden:ec6e57bb:conjugate_form:1:e081fad4',
  'task:de:verb:verbinden:ec6e57bb:conjugate_form:2:47f32766',
  'task:de:verb:werden:c8b02b87:conjugate_form:1:060aa62b',
  'task:de:verb:werden:c8b02b87:conjugate_form:2:970b5c59',
  'task:de:verb:wohnen:c1f88595:conjugate_form:1:f70cc6bf',
  'task:de:verb:wohnen:c1f88595:conjugate_form:2:aa42d106',
  'task:de:verb:wollen:97a9e5f9:conjugate_form:1:301a7e9e',
  'task:de:verb:wollen:97a9e5f9:conjugate_form:2:5fbe4a05'
);
DELETE FROM inflections WHERE lexeme_id IN (
  'de:adjective:freundlich:6998fa1a',
  'de:adjective:schnell:5f78762a',
  'de:noun:apfel:9265acb7',
  'de:noun:flughafen:7bcec107',
  'de:noun:frau:48e5edb0',
  'de:noun:haus:5be69b76',
  'de:noun:regierung:3bf1d9a1',
  'de:verb:arbeiten:905fa38d',
  'de:verb:beinhalten:fe6f16ea',
  'de:verb:beschlieen:b68aaef9',
  'de:verb:bewerten:8ba3cd51',
  'de:verb:differenzieren:dfd84879',
  'de:verb:durchfuhren:d7dd8386',
  'de:verb:entsprechen:57d109b8',
  'de:verb:entstehen:1f1ff688',
  'de:verb:erortern:09d9db06',
  'de:verb:erreichen:94cfa315',
  'de:verb:essen:9062b395',
  'de:verb:fahren:15cf3f6b',
  'de:verb:fliegen:75459563',
  'de:verb:gedeihen:8ff24825',
  'de:verb:gehen:c7dab9ca',
  'de:verb:haben:6b7855da',
  'de:verb:heien:0a417ffe',
  'de:verb:horen:76923fd3',
  'de:verb:kaufen:b2486f52',
  'de:verb:kommen:7df1ed0e',
  'de:verb:konnen:f5b71764',
  'de:verb:laufen:a1f8f02c',
  'de:verb:leben:eedbdf34',
  'de:verb:lernen:5b328a53',
  'de:verb:lesen:c900d552',
  'de:verb:machen:3e9552c8',
  'de:verb:mussen:5c5eebed',
  'de:verb:schlafen:d2453ec6',
  'de:verb:schreiben:954e0878',
  'de:verb:schwimmen:669504d1',
  'de:verb:sehen:b70191ab',
  'de:verb:sein:406c878d',
  'de:verb:sollen:d4809c2d',
  'de:verb:spielen:71cf6aa9',
  'de:verb:sprechen:1c525275',
  'de:verb:suggerieren:3dbc0640',
  'de:verb:tanzen:2154a418',
  'de:verb:trinken:2db1376a',
  'de:verb:ubertragen:f1a0f3ad',
  'de:verb:verbinden:ec6e57bb',
  'de:verb:werden:c8b02b87',
  'de:verb:wohnen:c1f88595',
  'de:verb:wollen:97a9e5f9'
);
DELETE FROM lexemes WHERE id IN (
  'de:adjective:freundlich:6998fa1a',
  'de:adjective:schnell:5f78762a',
  'de:noun:apfel:9265acb7',
  'de:noun:flughafen:7bcec107',
  'de:noun:frau:48e5edb0',
  'de:noun:haus:5be69b76',
  'de:noun:regierung:3bf1d9a1',
  'de:verb:arbeiten:905fa38d',
  'de:verb:beinhalten:fe6f16ea',
  'de:verb:beschlieen:b68aaef9',
  'de:verb:bewerten:8ba3cd51',
  'de:verb:differenzieren:dfd84879',
  'de:verb:durchfuhren:d7dd8386',
  'de:verb:entsprechen:57d109b8',
  'de:verb:entstehen:1f1ff688',
  'de:verb:erortern:09d9db06',
  'de:verb:erreichen:94cfa315',
  'de:verb:essen:9062b395',
  'de:verb:fahren:15cf3f6b',
  'de:verb:fliegen:75459563',
  'de:verb:gedeihen:8ff24825',
  'de:verb:gehen:c7dab9ca',
  'de:verb:haben:6b7855da',
  'de:verb:heien:0a417ffe',
  'de:verb:horen:76923fd3',
  'de:verb:kaufen:b2486f52',
  'de:verb:kommen:7df1ed0e',
  'de:verb:konnen:f5b71764',
  'de:verb:laufen:a1f8f02c',
  'de:verb:leben:eedbdf34',
  'de:verb:lernen:5b328a53',
  'de:verb:lesen:c900d552',
  'de:verb:machen:3e9552c8',
  'de:verb:mussen:5c5eebed',
  'de:verb:schlafen:d2453ec6',
  'de:verb:schreiben:954e0878',
  'de:verb:schwimmen:669504d1',
  'de:verb:sehen:b70191ab',
  'de:verb:sein:406c878d',
  'de:verb:sollen:d4809c2d',
  'de:verb:spielen:71cf6aa9',
  'de:verb:sprechen:1c525275',
  'de:verb:suggerieren:3dbc0640',
  'de:verb:tanzen:2154a418',
  'de:verb:trinken:2db1376a',
  'de:verb:ubertragen:f1a0f3ad',
  'de:verb:verbinden:ec6e57bb',
  'de:verb:werden:c8b02b87',
  'de:verb:wohnen:c1f88595',
  'de:verb:wollen:97a9e5f9'
);
DELETE FROM content_packs WHERE id IN (
  'pack:adjectives-foundation:1',
  'pack:nouns-foundation:1',
  'pack:verbs-foundation:1'
);

INSERT INTO content_packs (id, slug, name, description, language, pos_scope, license, license_notes, version, checksum, metadata, created_at, updated_at) VALUES
  ('pack:adjectives-foundation:1', 'adjectives-foundation', 'Adjectives – Foundation', 'Comparative and superlative tasks for common adjectives.', 'de', 'adjective', 'CC-BY-SA-4.0', NULL, 1, '7c0ad65060526db8d26c863fb5c2f21caee4a784', json('{"taskTypes":["adj_ending"],"size":2,"cefrLevels":["A1","A2"]}'), unixepoch('2025-01-01T00:00:00.000Z'), unixepoch('2025-01-01T00:00:00.000Z')),
  ('pack:nouns-foundation:1', 'nouns-foundation', 'Nouns – Foundation', 'High-frequency nouns focusing on plural formation and case marking.', 'de', 'noun', 'CC-BY-SA-4.0', NULL, 1, '36b1aa8d0594b485cbd14a41bd9b10faa9bf0f77', json('{"taskTypes":["noun_case_declension"],"size":5,"cefrLevels":["A1","A2"]}'), unixepoch('2025-01-01T00:00:00.000Z'), unixepoch('2025-01-01T00:00:00.000Z')),
  ('pack:verbs-foundation:1', 'verbs-foundation', 'Verbs – Foundation', 'Core German verbs with Präteritum and Partizip II practice prompts.', 'de', 'verb', 'CC-BY-SA-4.0', NULL, 1, '4e83c77e73eff8563b1f1618583169647253f73f', json('{"taskTypes":["conjugate_form"],"size":43,"cefrLevels":["A1","A2","B1","B2","C1","C2"]}'), unixepoch('2025-01-01T00:00:00.000Z'), unixepoch('2025-01-01T00:00:00.000Z'));

INSERT INTO lexemes (id, lemma, language, pos, gender, metadata, frequency_rank, source_ids, created_at, updated_at) VALUES
  ('de:adjective:freundlich:6998fa1a', 'freundlich', 'de', 'adjective', NULL, json('{"level":"A2","english":"friendly","example":{"de":"Eine freundliche Person.","en":"A friendly person."},"notes":"https://www.dwds.de/wb/freundlich"}'), NULL, json('["Duden","dwds-goethe-A2.csv"]'), unixepoch('2025-01-01T00:00:00.000Z'), unixepoch('2025-01-01T00:00:00.000Z')),
  ('de:adjective:schnell:5f78762a', 'schnell', 'de', 'adjective', NULL, json('{"level":"A1","english":"fast","example":{"de":"Ein schneller Zug.","en":"A fast train."},"notes":"https://www.dwds.de/wb/schnell"}'), NULL, json('["Goethe-Institut","dwds-goethe-A1.csv"]'), unixepoch('2025-01-01T00:00:00.000Z'), unixepoch('2025-01-01T00:00:00.000Z')),
  ('de:noun:apfel:9265acb7', 'Apfel', 'de', 'noun', 'der', json('{"level":"A1","english":"apple","notes":"https://www.dwds.de/wb/Apfel; Masculine nouns often have plurals with an umlaut and no ending, or just an umlaut."}'), NULL, json('["dwds-goethe-A1.csv","learn-deutsch-data:nouns"]'), unixepoch('2025-01-01T00:00:00.000Z'), unixepoch('2025-01-01T00:00:00.000Z')),
  ('de:noun:flughafen:7bcec107', 'Flughafen', 'de', 'noun', 'der', json('{"level":"A1","english":"airport","notes":"https://www.dwds.de/wb/Flughafen; Compound nouns take the gender of the last word (der Hafen). The plural often follows the last word''s plural form."}'), NULL, json('["dwds-goethe-A1.csv","learn-deutsch-data:nouns"]'), unixepoch('2025-01-01T00:00:00.000Z'), unixepoch('2025-01-01T00:00:00.000Z')),
  ('de:noun:frau:48e5edb0', 'Frau', 'de', 'noun', 'die', json('{"level":"A1","english":"woman/Mrs.","notes":"https://www.dwds.de/wb/Frau; Feminine nouns often form the plural by adding \"-en\" or \"-n\"."}'), NULL, json('["dwds-goethe-A1.csv","learn-deutsch-data:nouns"]'), unixepoch('2025-01-01T00:00:00.000Z'), unixepoch('2025-01-01T00:00:00.000Z')),
  ('de:noun:haus:5be69b76', 'Haus', 'de', 'noun', 'das', json('{"level":"A1","english":"house","example":{"de":"Das Haus ist groß.","en":"The house is big."},"notes":"regional usage; https://www.dwds.de/wb/Haus; Nouns ending in -us, -ma, -um, -ment, -lein, -chen are often neuter (das). Many one-syllable nouns take an umlaut and \"-er\" in the plural."}'), NULL, json('["Frequency List","Newspaper Corpus","dwds-goethe-A1.csv","learn-deutsch-data:nouns"]'), unixepoch('2025-01-01T00:00:00.000Z'), unixepoch('2025-01-01T00:00:00.000Z')),
  ('de:noun:regierung:3bf1d9a1', 'Regierung', 'de', 'noun', 'die', json('{"level":"A2","english":"government","notes":"Nouns ending in -ung, -heit, -keit, -schaft, -ei are always feminine (die) and add \"-en\" in the plural."}'), NULL, json('["learn-deutsch-data:nouns"]'), unixepoch('2025-01-01T00:00:00.000Z'), unixepoch('2025-01-01T00:00:00.000Z')),
  ('de:verb:arbeiten:905fa38d', 'arbeiten', 'de', 'verb', NULL, json('{"level":"A1","english":"to work","example":{"de":"Sie arbeitete in einer Bank.","en":"Er hat als Koch gearbeitet."},"auxiliary":"haben","perfekt":"hat gearbeitet","notes":"A1 Essential Verbs; https://www.dwds.de/wb/arbeiten"}'), NULL, json('["Goethe-Institut","dwds-goethe-A1.csv"]'), unixepoch('2025-01-01T00:00:00.000Z'), unixepoch('2025-01-01T00:00:00.000Z')),
  ('de:verb:beinhalten:fe6f16ea', 'beinhalten', 'de', 'verb', NULL, json('{"level":"C1","english":"to contain/include","example":{"de":"Der Vertrag beinhaltete wichtige Klauseln.","en":"Das Angebot hat viele Vorteile beinhaltet."},"auxiliary":"haben","perfekt":"hat beinhaltet","notes":"C1 Professional Verbs"}'), NULL, json('["Duden"]'), unixepoch('2025-01-01T00:00:00.000Z'), unixepoch('2025-01-01T00:00:00.000Z')),
  ('de:verb:beschlieen:b68aaef9', 'beschließen', 'de', 'verb', NULL, json('{"level":"B1","english":"to decide","example":{"de":"Das Komitee beschloss die Änderungen.","en":"Sie haben eine neue Strategie beschlossen."},"auxiliary":"haben","perfekt":"hat beschlossen","notes":"B1 Intermediate Verbs; https://www.dwds.de/wb/beschlie%C3%9Fen"}'), NULL, json('["Duden","dwds-goethe-B1.csv"]'), unixepoch('2025-01-01T00:00:00.000Z'), unixepoch('2025-01-01T00:00:00.000Z')),
  ('de:verb:bewerten:8ba3cd51', 'bewerten', 'de', 'verb', NULL, json('{"level":"B2","english":"to evaluate/assess","example":{"de":"Der Professor bewertete die Arbeiten.","en":"Die Jury hat die Leistungen bewertet."},"auxiliary":"haben","perfekt":"hat bewertet","notes":"B2 Advanced Verbs"}'), NULL, json('["Duden"]'), unixepoch('2025-01-01T00:00:00.000Z'), unixepoch('2025-01-01T00:00:00.000Z')),
  ('de:verb:differenzieren:dfd84879', 'differenzieren', 'de', 'verb', NULL, json('{"level":"C2","english":"to differentiate","example":{"de":"Der Experte differenzierte zwischen den Konzepten.","en":"Sie hat genau zwischen den Optionen differenziert."},"auxiliary":"haben","perfekt":"hat differenziert","notes":"C2 Academic Verbs"}'), NULL, json('["Duden"]'), unixepoch('2025-01-01T00:00:00.000Z'), unixepoch('2025-01-01T00:00:00.000Z')),
  ('de:verb:durchfuhren:d7dd8386', 'durchführen', 'de', 'verb', NULL, json('{"level":"B2","english":"to carry out/conduct","example":{"de":"Das Team führte das Experiment durch.","en":"Sie haben eine Studie durchgeführt."},"auxiliary":"haben","perfekt":"hat durchgeführt","notes":"B2 Advanced Verbs"}'), NULL, json('["Duden"]'), unixepoch('2025-01-01T00:00:00.000Z'), unixepoch('2025-01-01T00:00:00.000Z')),
  ('de:verb:entsprechen:57d109b8', 'entsprechen', 'de', 'verb', NULL, json('{"level":"C1","english":"to correspond","example":{"de":"Das Ergebnis entsprach den Erwartungen.","en":"Die Leistung hat den Anforderungen entsprochen."},"auxiliary":"haben","perfekt":"hat entsprochen","notes":"C1 Professional Verbs"}'), NULL, json('["Duden"]'), unixepoch('2025-01-01T00:00:00.000Z'), unixepoch('2025-01-01T00:00:00.000Z')),
  ('de:verb:entstehen:1f1ff688', 'entstehen', 'de', 'verb', NULL, json('{"level":"B1","english":"to develop/arise","example":{"de":"Daraus entstand eine neue Idee.","en":"Das Problem ist plötzlich entstanden."},"auxiliary":"sein","perfekt":"ist entstanden","notes":"B1 Intermediate Verbs; https://www.dwds.de/wb/entstehen"}'), NULL, json('["Duden","dwds-goethe-B1.csv"]'), unixepoch('2025-01-01T00:00:00.000Z'), unixepoch('2025-01-01T00:00:00.000Z')),
  ('de:verb:erortern:09d9db06', 'erörtern', 'de', 'verb', NULL, json('{"level":"C1","english":"to discuss/debate","example":{"de":"Das Gremium erörterte die Vorschläge.","en":"Die Experten haben die Problematik erörtert."},"auxiliary":"haben","perfekt":"hat erörtert","notes":"C1 Professional Verbs"}'), NULL, json('["Duden"]'), unixepoch('2025-01-01T00:00:00.000Z'), unixepoch('2025-01-01T00:00:00.000Z')),
  ('de:verb:erreichen:94cfa315', 'erreichen', 'de', 'verb', NULL, json('{"level":"A2","english":"to reach/achieve","example":{"de":"Sie erreichte ihr Ziel.","en":"Er hat den Gipfel erreicht."},"auxiliary":"haben","perfekt":"hat erreicht","notes":"B1 Intermediate Verbs; https://www.dwds.de/wb/erreichen"}'), NULL, json('["Duden","dwds-goethe-A2.csv"]'), unixepoch('2025-01-01T00:00:00.000Z'), unixepoch('2025-01-01T00:00:00.000Z')),
  ('de:verb:essen:9062b395', 'essen', 'de', 'verb', NULL, json('{"level":"A1","english":"to eat","example":{"de":"Er aß ein Sandwich.","en":"Wir haben zu Mittag gegessen."},"auxiliary":"haben","perfekt":"hat gegessen","notes":"A1 Essential Verbs; https://www.dwds.de/wb/essen"}'), NULL, json('["Goethe-Institut","dwds-goethe-A1.csv"]'), unixepoch('2025-01-01T00:00:00.000Z'), unixepoch('2025-01-01T00:00:00.000Z')),
  ('de:verb:fahren:15cf3f6b', 'fahren', 'de', 'verb', NULL, json('{"level":"A1","english":"to drive/ride","example":{"de":"Sie fuhr nach Berlin.","en":"Er ist Auto gefahren."},"auxiliary":"sein","perfekt":"ist gefahren","notes":"A2 Common Verbs; https://www.dwds.de/wb/fahren"}'), NULL, json('["Goethe-Institut","dwds-goethe-A1.csv"]'), unixepoch('2025-01-01T00:00:00.000Z'), unixepoch('2025-01-01T00:00:00.000Z')),
  ('de:verb:fliegen:75459563', 'fliegen', 'de', 'verb', NULL, json('{"level":"A1","english":"to fly","example":{"de":"Das Flugzeug flog nach Paris.","en":"Wir sind nach London geflogen."},"auxiliary":"sein","perfekt":"ist geflogen","notes":"A2 Common Verbs; https://www.dwds.de/wb/fliegen"}'), NULL, json('["Goethe-Institut","dwds-goethe-A1.csv"]'), unixepoch('2025-01-01T00:00:00.000Z'), unixepoch('2025-01-01T00:00:00.000Z')),
  ('de:verb:gedeihen:8ff24825', 'gedeihen', 'de', 'verb', NULL, json('{"level":"C2","english":"to thrive/flourish","example":{"de":"Das Unternehmen gedieh unter seiner Führung.","en":"Die Pflanzen sind prächtig gediehen."},"auxiliary":"sein","perfekt":"ist gediehen","notes":"C2 Academic Verbs"}'), NULL, json('["Duden"]'), unixepoch('2025-01-01T00:00:00.000Z'), unixepoch('2025-01-01T00:00:00.000Z')),
  ('de:verb:gehen:c7dab9ca', 'gehen', 'de', 'verb', NULL, json('{"level":"A1","english":"to go","example":{"de":"Er ging zur Schule.","en":"Wir sind nach Hause gegangen."},"separable":false,"auxiliary":"sein","perfekt":"ist gegangen","notes":"A1 Essential Verbs; https://www.dwds.de/wb/gehen; \"gehen\" follows the standard pattern for regular verbs in the present tense."}'), NULL, json('["Goethe-Institut","dwds-goethe-A1.csv","learn-deutsch-data:verbs"]'), unixepoch('2025-01-01T00:00:00.000Z'), unixepoch('2025-01-01T00:00:00.000Z')),
  ('de:verb:haben:6b7855da', 'haben', 'de', 'verb', NULL, json('{"level":"A1","english":"to have","example":{"de":"Ich hatte keine Zeit.","en":"Er hat viel Geld gehabt."},"separable":false,"auxiliary":"haben","perfekt":"hat gehabt","notes":"A1 Essential Verbs; https://www.dwds.de/wb/haben; \"haben\" is an irregular verb. Note the change from \"b\" to \"s\" and \"t\" in the du and er/sie/es forms."}'), NULL, json('["Goethe-Institut","dwds-goethe-A1.csv","learn-deutsch-data:verbs"]'), unixepoch('2025-01-01T00:00:00.000Z'), unixepoch('2025-01-01T00:00:00.000Z')),
  ('de:verb:heien:0a417ffe', 'heißen', 'de', 'verb', NULL, json('{"level":"A1","english":"to be called","example":{"de":"Er hieß Peter.","en":"Sie hat anders geheißen."},"auxiliary":"haben","perfekt":"hat geheißen","notes":"A1 Essential Verbs; https://www.dwds.de/wb/hei%C3%9Fen#1"}'), NULL, json('["Goethe-Institut","dwds-goethe-A1.csv"]'), unixepoch('2025-01-01T00:00:00.000Z'), unixepoch('2025-01-01T00:00:00.000Z')),
  ('de:verb:horen:76923fd3', 'hören', 'de', 'verb', NULL, json('{"level":"A1","english":"to hear","example":{"de":"Sie hörte Musik.","en":"Ich habe ein Geräusch gehört."},"auxiliary":"haben","perfekt":"hat gehört","notes":"A1 Essential Verbs; https://www.dwds.de/wb/h%C3%B6ren"}'), NULL, json('["Goethe-Institut","dwds-goethe-A1.csv"]'), unixepoch('2025-01-01T00:00:00.000Z'), unixepoch('2025-01-01T00:00:00.000Z')),
  ('de:verb:kaufen:b2486f52', 'kaufen', 'de', 'verb', NULL, json('{"level":"A1","english":"to buy","example":{"de":"Sie kaufte neue Schuhe.","en":"Er hat ein Auto gekauft."},"auxiliary":"haben","perfekt":"hat gekauft","notes":"A1 Essential Verbs; https://www.dwds.de/wb/kaufen"}'), NULL, json('["Goethe-Institut","dwds-goethe-A1.csv"]'), unixepoch('2025-01-01T00:00:00.000Z'), unixepoch('2025-01-01T00:00:00.000Z')),
  ('de:verb:kommen:7df1ed0e', 'kommen', 'de', 'verb', NULL, json('{"level":"A1","english":"to come","example":{"de":"Sie kam spät.","en":"Der Bus ist pünktlich gekommen."},"auxiliary":"sein","perfekt":"ist gekommen","notes":"A1 Essential Verbs; https://www.dwds.de/wb/kommen"}'), NULL, json('["Goethe-Institut","dwds-goethe-A1.csv"]'), unixepoch('2025-01-01T00:00:00.000Z'), unixepoch('2025-01-01T00:00:00.000Z')),
  ('de:verb:konnen:f5b71764', 'können', 'de', 'verb', NULL, json('{"level":"A1","english":"can/to be able to","example":{"de":"Er konnte gut schwimmen.","en":"Das hat er immer gut gekonnt."},"auxiliary":"haben","perfekt":"hat gekonnt","notes":"A1 Essential Verbs; https://www.dwds.de/wb/k%C3%B6nnen; KÖN-nen"}'), NULL, json('["Goethe-Institut","dwds-goethe-A1.csv","learn-deutsch-data:modal"]'), unixepoch('2025-01-01T00:00:00.000Z'), unixepoch('2025-01-01T00:00:00.000Z')),
  ('de:verb:laufen:a1f8f02c', 'laufen', 'de', 'verb', NULL, json('{"level":"A1","english":"to run/walk","example":{"de":"Er lief schnell.","en":"Sie ist einen Marathon gelaufen."},"auxiliary":"sein","perfekt":"ist gelaufen","notes":"A2 Common Verbs; https://www.dwds.de/wb/laufen"}'), NULL, json('["Goethe-Institut","dwds-goethe-A1.csv"]'), unixepoch('2025-01-01T00:00:00.000Z'), unixepoch('2025-01-01T00:00:00.000Z')),
  ('de:verb:leben:eedbdf34', 'leben', 'de', 'verb', NULL, json('{"level":"A1","english":"to live","example":{"de":"Er lebte in Berlin.","en":"Sie hat lange in Paris gelebt."},"auxiliary":"haben","perfekt":"hat gelebt","notes":"A1 Essential Verbs; https://www.dwds.de/wb/leben"}'), NULL, json('["Goethe-Institut","dwds-goethe-A1.csv"]'), unixepoch('2025-01-01T00:00:00.000Z'), unixepoch('2025-01-01T00:00:00.000Z')),
  ('de:verb:lernen:5b328a53', 'lernen', 'de', 'verb', NULL, json('{"level":"A1","english":"to learn","example":{"de":"Sie lernte Deutsch.","en":"Er hat viel gelernt."},"auxiliary":"haben","perfekt":"hat gelernt","notes":"A1 Essential Verbs; https://www.dwds.de/wb/lernen"}'), NULL, json('["Goethe-Institut","dwds-goethe-A1.csv"]'), unixepoch('2025-01-01T00:00:00.000Z'), unixepoch('2025-01-01T00:00:00.000Z')),
  ('de:verb:lesen:c900d552', 'lesen', 'de', 'verb', NULL, json('{"level":"A1","english":"to read","example":{"de":"Sie las ein interessantes Buch.","en":"Er hat die Zeitung gelesen."},"auxiliary":"haben","perfekt":"hat gelesen","notes":"A1 Essential Verbs; https://www.dwds.de/wb/lesen#1"}'), NULL, json('["Goethe-Institut","dwds-goethe-A1.csv"]'), unixepoch('2025-01-01T00:00:00.000Z'), unixepoch('2025-01-01T00:00:00.000Z')),
  ('de:verb:machen:3e9552c8', 'machen', 'de', 'verb', NULL, json('{"level":"A1","english":"to make/do","example":{"de":"Er machte seine Hausaufgaben.","en":"Sie hat das Essen gemacht."},"auxiliary":"haben","perfekt":"hat gemacht","notes":"A1 Essential Verbs; https://www.dwds.de/wb/machen"}'), NULL, json('["Goethe-Institut","dwds-goethe-A1.csv"]'), unixepoch('2025-01-01T00:00:00.000Z'), unixepoch('2025-01-01T00:00:00.000Z')),
  ('de:verb:mussen:5c5eebed', 'müssen', 'de', 'verb', NULL, json('{"level":"A1","english":"must/to have to","example":{"de":"Ich musste früh aufstehen.","en":"Er hat arbeiten gemusst."},"auxiliary":"haben","perfekt":"hat gemusst","notes":"A1 Essential Verbs; https://www.dwds.de/wb/m%C3%BCssen; MÜS-sen"}'), NULL, json('["Goethe-Institut","dwds-goethe-A1.csv","learn-deutsch-data:modal"]'), unixepoch('2025-01-01T00:00:00.000Z'), unixepoch('2025-01-01T00:00:00.000Z')),
  ('de:verb:schlafen:d2453ec6', 'schlafen', 'de', 'verb', NULL, json('{"level":"A1","english":"to sleep","example":{"de":"Das Kind schlief tief.","en":"Ich habe gut geschlafen."},"auxiliary":"haben","perfekt":"hat geschlafen","notes":"A1 Essential Verbs; https://www.dwds.de/wb/schlafen"}'), NULL, json('["Goethe-Institut","dwds-goethe-A1.csv"]'), unixepoch('2025-01-01T00:00:00.000Z'), unixepoch('2025-01-01T00:00:00.000Z')),
  ('de:verb:schreiben:954e0878', 'schreiben', 'de', 'verb', NULL, json('{"level":"A1","english":"to write","example":{"de":"Er schrieb einen Brief.","en":"Sie hat eine E-Mail geschrieben."},"auxiliary":"haben","perfekt":"hat geschrieben","notes":"A1 Essential Verbs; https://www.dwds.de/wb/schreiben"}'), NULL, json('["Goethe-Institut","dwds-goethe-A1.csv"]'), unixepoch('2025-01-01T00:00:00.000Z'), unixepoch('2025-01-01T00:00:00.000Z')),
  ('de:verb:schwimmen:669504d1', 'schwimmen', 'de', 'verb', NULL, json('{"level":"A1","english":"to swim","example":{"de":"Er schwamm im See.","en":"Sie ist einen Kilometer geschwommen."},"auxiliary":"sein","perfekt":"ist geschwommen","notes":"A2 Common Verbs; https://www.dwds.de/wb/schwimmen"}'), NULL, json('["Goethe-Institut","dwds-goethe-A1.csv"]'), unixepoch('2025-01-01T00:00:00.000Z'), unixepoch('2025-01-01T00:00:00.000Z')),
  ('de:verb:sehen:b70191ab', 'sehen', 'de', 'verb', NULL, json('{"level":"A1","english":"to see","example":{"de":"Er sah einen Film.","en":"Wir haben uns gestern gesehen."},"auxiliary":"haben","perfekt":"hat gesehen","notes":"A1 Essential Verbs; https://www.dwds.de/wb/sehen"}'), NULL, json('["Goethe-Institut","dwds-goethe-A1.csv"]'), unixepoch('2025-01-01T00:00:00.000Z'), unixepoch('2025-01-01T00:00:00.000Z')),
  ('de:verb:sein:406c878d', 'sein', 'de', 'verb', NULL, json('{"level":"A1","english":"to be","example":{"de":"Er war gestern krank.","en":"Sie ist lange in Berlin gewesen."},"separable":false,"auxiliary":"sein","perfekt":"ist gewesen","notes":"A1 Essential Verbs; https://www.dwds.de/wb/sein#3; \"sein\" is a highly irregular verb. Its conjugation must be memorized."}'), NULL, json('["Goethe-Institut","dwds-goethe-A1.csv","learn-deutsch-data:verbs"]'), unixepoch('2025-01-01T00:00:00.000Z'), unixepoch('2025-01-01T00:00:00.000Z')),
  ('de:verb:sollen:d4809c2d', 'sollen', 'de', 'verb', NULL, json('{"level":"A1","english":"should/ought to","example":{"de":"Du solltest mehr lernen.","en":"Das hätte ich nicht gesollt."},"auxiliary":"haben","perfekt":"hat gesollt","notes":"A1 Essential Verbs; https://www.dwds.de/wb/sollen; SOL-len"}'), NULL, json('["Goethe-Institut","dwds-goethe-A1.csv","learn-deutsch-data:modal"]'), unixepoch('2025-01-01T00:00:00.000Z'), unixepoch('2025-01-01T00:00:00.000Z')),
  ('de:verb:spielen:71cf6aa9', 'spielen', 'de', 'verb', NULL, json('{"level":"A1","english":"to play","example":{"de":"Das Kind spielte im Garten.","en":"Wir haben Fußball gespielt."},"auxiliary":"haben","perfekt":"hat gespielt","notes":"A1 Essential Verbs; https://www.dwds.de/wb/spielen"}'), NULL, json('["Goethe-Institut","dwds-goethe-A1.csv"]'), unixepoch('2025-01-01T00:00:00.000Z'), unixepoch('2025-01-01T00:00:00.000Z')),
  ('de:verb:sprechen:1c525275', 'sprechen', 'de', 'verb', NULL, json('{"level":"A1","english":"to speak","example":{"de":"Er sprach sehr gut Deutsch.","en":"Sie hat mit ihrer Mutter gesprochen."},"separable":false,"auxiliary":"haben","perfekt":"hat gesprochen","notes":"A1 Essential Verbs; https://www.dwds.de/wb/sprechen; This is a stem-changing irregular verb. The vowel \"e\" changes to \"i\" in the du and er/sie/es forms."}'), NULL, json('["Goethe-Institut","dwds-goethe-A1.csv","learn-deutsch-data:verbs"]'), unixepoch('2025-01-01T00:00:00.000Z'), unixepoch('2025-01-01T00:00:00.000Z')),
  ('de:verb:suggerieren:3dbc0640', 'suggerieren', 'de', 'verb', NULL, json('{"level":"C2","english":"to suggest/imply","example":{"de":"Der Text suggerierte eine andere Interpretation.","en":"Die Studie hat einen Zusammenhang suggeriert."},"auxiliary":"haben","perfekt":"hat suggeriert","notes":"C2 Academic Verbs"}'), NULL, json('["Duden"]'), unixepoch('2025-01-01T00:00:00.000Z'), unixepoch('2025-01-01T00:00:00.000Z')),
  ('de:verb:tanzen:2154a418', 'tanzen', 'de', 'verb', NULL, json('{"level":"A1","english":"to dance","example":{"de":"Sie tanzten die ganze Nacht.","en":"Wir haben Salsa getanzt."},"auxiliary":"haben","perfekt":"hat getanzt","notes":"A2 Common Verbs; https://www.dwds.de/wb/tanzen"}'), NULL, json('["Goethe-Institut","dwds-goethe-A1.csv"]'), unixepoch('2025-01-01T00:00:00.000Z'), unixepoch('2025-01-01T00:00:00.000Z')),
  ('de:verb:trinken:2db1376a', 'trinken', 'de', 'verb', NULL, json('{"level":"A1","english":"to drink","example":{"de":"Sie trank Wasser.","en":"Er hat Kaffee getrunken."},"auxiliary":"haben","perfekt":"hat getrunken","notes":"A1 Essential Verbs; https://www.dwds.de/wb/trinken"}'), NULL, json('["Goethe-Institut","dwds-goethe-A1.csv"]'), unixepoch('2025-01-01T00:00:00.000Z'), unixepoch('2025-01-01T00:00:00.000Z')),
  ('de:verb:ubertragen:f1a0f3ad', 'übertragen', 'de', 'verb', NULL, json('{"level":"B2","english":"to transfer/transmit","example":{"de":"Er übertrug die Verantwortung.","en":"Die Krankheit hat sich schnell übertragen."},"auxiliary":"haben","perfekt":"hat übertragen","notes":"B2 Advanced Verbs"}'), NULL, json('["Duden"]'), unixepoch('2025-01-01T00:00:00.000Z'), unixepoch('2025-01-01T00:00:00.000Z')),
  ('de:verb:verbinden:ec6e57bb', 'verbinden', 'de', 'verb', NULL, json('{"level":"B1","english":"to connect/combine","example":{"de":"Er verband die beiden Kabel.","en":"Sie hat Tradition mit Innovation verbunden."},"auxiliary":"haben","perfekt":"hat verbunden","notes":"B1 Intermediate Verbs; https://www.dwds.de/wb/verbinden"}'), NULL, json('["Duden","dwds-goethe-B1.csv"]'), unixepoch('2025-01-01T00:00:00.000Z'), unixepoch('2025-01-01T00:00:00.000Z')),
  ('de:verb:werden:c8b02b87', 'werden', 'de', 'verb', NULL, json('{"level":"A1","english":"to become","example":{"de":"Sie wurde Lehrerin.","en":"Er ist Arzt geworden."},"auxiliary":"sein","perfekt":"ist geworden","notes":"A1 Essential Verbs; https://www.dwds.de/wb/werden"}'), NULL, json('["Goethe-Institut","dwds-goethe-A1.csv"]'), unixepoch('2025-01-01T00:00:00.000Z'), unixepoch('2025-01-01T00:00:00.000Z')),
  ('de:verb:wohnen:c1f88595', 'wohnen', 'de', 'verb', NULL, json('{"level":"A1","english":"to live/reside","example":{"de":"Er wohnte im Zentrum.","en":"Sie hat in einem Apartment gewohnt."},"auxiliary":"haben","perfekt":"hat gewohnt","notes":"A1 Essential Verbs; https://www.dwds.de/wb/wohnen"}'), NULL, json('["Goethe-Institut","dwds-goethe-A1.csv"]'), unixepoch('2025-01-01T00:00:00.000Z'), unixepoch('2025-01-01T00:00:00.000Z')),
  ('de:verb:wollen:97a9e5f9', 'wollen', 'de', 'verb', NULL, json('{"level":"A1","english":"to want","example":{"de":"Er wollte nach Hause.","en":"Sie hat das nicht gewollt."},"auxiliary":"haben","perfekt":"hat gewollt","notes":"A1 Essential Verbs; https://www.dwds.de/wb/wollen#2; WOL-len"}'), NULL, json('["Goethe-Institut","dwds-goethe-A1.csv","learn-deutsch-data:modal"]'), unixepoch('2025-01-01T00:00:00.000Z'), unixepoch('2025-01-01T00:00:00.000Z'));

INSERT INTO inflections (id, lexeme_id, form, features, audio_asset, source_revision, checksum, created_at, updated_at) VALUES
  ('inf:de:adjective:freundlich:6998fa1a:68cf1cd00b', 'de:adjective:freundlich:6998fa1a', 'am freundlichsten', json('{"degree":"superlative"}'), NULL, NULL, '33dc86cba2a69454', unixepoch('2025-01-01T00:00:00.000Z'), unixepoch('2025-01-01T00:00:00.000Z')),
  ('inf:de:adjective:freundlich:6998fa1a:d316da0d79', 'de:adjective:freundlich:6998fa1a', 'freundlicher', json('{"degree":"comparative"}'), NULL, NULL, 'a6e4506607917fcc', unixepoch('2025-01-01T00:00:00.000Z'), unixepoch('2025-01-01T00:00:00.000Z')),
  ('inf:de:adjective:freundlich:6998fa1a:e9281581e2', 'de:adjective:freundlich:6998fa1a', 'freundlich', json('{"degree":"positive"}'), NULL, NULL, 'ebe8bb370e0e5f4d', unixepoch('2025-01-01T00:00:00.000Z'), unixepoch('2025-01-01T00:00:00.000Z')),
  ('inf:de:adjective:schnell:5f78762a:5546ea67f6', 'de:adjective:schnell:5f78762a', 'schnell', json('{"degree":"positive"}'), NULL, NULL, '6047e55b2718a67b', unixepoch('2025-01-01T00:00:00.000Z'), unixepoch('2025-01-01T00:00:00.000Z')),
  ('inf:de:adjective:schnell:5f78762a:563bfbac6b', 'de:adjective:schnell:5f78762a', 'am schnellsten', json('{"degree":"superlative"}'), NULL, NULL, '64f9ffc0ca3542c3', unixepoch('2025-01-01T00:00:00.000Z'), unixepoch('2025-01-01T00:00:00.000Z')),
  ('inf:de:adjective:schnell:5f78762a:6cf710a8a4', 'de:adjective:schnell:5f78762a', 'schneller', json('{"degree":"comparative"}'), NULL, NULL, '0b32a10f00a96cbc', unixepoch('2025-01-01T00:00:00.000Z'), unixepoch('2025-01-01T00:00:00.000Z')),
  ('inf:de:noun:apfel:9265acb7:548bbb2953', 'de:noun:apfel:9265acb7', 'Äpfel', json('{"case":"nominative","number":"plural"}'), NULL, NULL, '840fd16d91b7d266', unixepoch('2025-01-01T00:00:00.000Z'), unixepoch('2025-01-01T00:00:00.000Z')),
  ('inf:de:noun:apfel:9265acb7:9165bc3dbb', 'de:noun:apfel:9265acb7', 'Apfel', json('{"case":"nominative","number":"singular","gender":"der"}'), NULL, NULL, '4530f5d59e1130f9', unixepoch('2025-01-01T00:00:00.000Z'), unixepoch('2025-01-01T00:00:00.000Z')),
  ('inf:de:noun:flughafen:7bcec107:2422275fa6', 'de:noun:flughafen:7bcec107', 'Flughafen', json('{"case":"nominative","number":"singular","gender":"der"}'), NULL, NULL, '2b51b77b9697bd4e', unixepoch('2025-01-01T00:00:00.000Z'), unixepoch('2025-01-01T00:00:00.000Z')),
  ('inf:de:noun:flughafen:7bcec107:8c8bc97dbb', 'de:noun:flughafen:7bcec107', 'Flughäfen', json('{"case":"nominative","number":"plural"}'), NULL, NULL, '7418c770ecf1c591', unixepoch('2025-01-01T00:00:00.000Z'), unixepoch('2025-01-01T00:00:00.000Z')),
  ('inf:de:noun:frau:48e5edb0:8fb907c158', 'de:noun:frau:48e5edb0', 'Frau', json('{"case":"nominative","number":"singular","gender":"die"}'), NULL, NULL, '4012f9cf9243ec93', unixepoch('2025-01-01T00:00:00.000Z'), unixepoch('2025-01-01T00:00:00.000Z')),
  ('inf:de:noun:frau:48e5edb0:9b709d37f8', 'de:noun:frau:48e5edb0', 'Frauen', json('{"case":"nominative","number":"plural"}'), NULL, NULL, 'c209de75b4699812', unixepoch('2025-01-01T00:00:00.000Z'), unixepoch('2025-01-01T00:00:00.000Z')),
  ('inf:de:noun:haus:5be69b76:15e12bcdc0', 'de:noun:haus:5be69b76', 'Häuser', json('{"case":"nominative","number":"plural"}'), NULL, NULL, 'c2bc3b57960c541a', unixepoch('2025-01-01T00:00:00.000Z'), unixepoch('2025-01-01T00:00:00.000Z')),
  ('inf:de:noun:haus:5be69b76:233bc098a5', 'de:noun:haus:5be69b76', 'Haus', json('{"case":"nominative","number":"singular","gender":"das"}'), NULL, NULL, 'bca4267d1e9311c5', unixepoch('2025-01-01T00:00:00.000Z'), unixepoch('2025-01-01T00:00:00.000Z')),
  ('inf:de:noun:regierung:3bf1d9a1:27d1deaf6f', 'de:noun:regierung:3bf1d9a1', 'Regierung', json('{"case":"nominative","number":"singular","gender":"die"}'), NULL, NULL, '651c4ed54f2b0dfa', unixepoch('2025-01-01T00:00:00.000Z'), unixepoch('2025-01-01T00:00:00.000Z')),
  ('inf:de:noun:regierung:3bf1d9a1:6fad3812a7', 'de:noun:regierung:3bf1d9a1', 'Regierungen', json('{"case":"nominative","number":"plural"}'), NULL, NULL, '5d85e562b87515bf', unixepoch('2025-01-01T00:00:00.000Z'), unixepoch('2025-01-01T00:00:00.000Z')),
  ('inf:de:verb:arbeiten:905fa38d:6de7cdd4c7', 'de:verb:arbeiten:905fa38d', 'arbeitete', json('{"tense":"past","mood":"indicative","person":3,"number":"singular"}'), NULL, NULL, '309f1c556c3ea0e5', unixepoch('2025-01-01T00:00:00.000Z'), unixepoch('2025-01-01T00:00:00.000Z')),
  ('inf:de:verb:arbeiten:905fa38d:77c138a889', 'de:verb:arbeiten:905fa38d', 'arbeiten', json('{"tense":"infinitive","mood":"indicative"}'), NULL, NULL, '59df55afeb6848b2', unixepoch('2025-01-01T00:00:00.000Z'), unixepoch('2025-01-01T00:00:00.000Z')),
  ('inf:de:verb:arbeiten:905fa38d:d1d6826e30', 'de:verb:arbeiten:905fa38d', 'hat gearbeitet', json('{"tense":"perfect","auxiliary":"haben"}'), NULL, NULL, 'dc1cd735d144fd06', unixepoch('2025-01-01T00:00:00.000Z'), unixepoch('2025-01-01T00:00:00.000Z')),
  ('inf:de:verb:arbeiten:905fa38d:efe12c70a0', 'de:verb:arbeiten:905fa38d', 'gearbeitet', json('{"tense":"participle","aspect":"perfect"}'), NULL, NULL, 'aa88676c3345f1f4', unixepoch('2025-01-01T00:00:00.000Z'), unixepoch('2025-01-01T00:00:00.000Z')),
  ('inf:de:verb:beinhalten:fe6f16ea:2337c8077f', 'de:verb:beinhalten:fe6f16ea', 'beinhalten', json('{"tense":"infinitive","mood":"indicative"}'), NULL, NULL, 'a4350dbcb986bf04', unixepoch('2025-01-01T00:00:00.000Z'), unixepoch('2025-01-01T00:00:00.000Z')),
  ('inf:de:verb:beinhalten:fe6f16ea:4a0d7f4f55', 'de:verb:beinhalten:fe6f16ea', 'hat beinhaltet', json('{"tense":"perfect","auxiliary":"haben"}'), NULL, NULL, '16b4899ca796c8be', unixepoch('2025-01-01T00:00:00.000Z'), unixepoch('2025-01-01T00:00:00.000Z')),
  ('inf:de:verb:beinhalten:fe6f16ea:9d439254a2', 'de:verb:beinhalten:fe6f16ea', 'beinhaltet', json('{"tense":"participle","aspect":"perfect"}'), NULL, NULL, 'da2b3789ebcd8ee9', unixepoch('2025-01-01T00:00:00.000Z'), unixepoch('2025-01-01T00:00:00.000Z')),
  ('inf:de:verb:beinhalten:fe6f16ea:d4ae0b4838', 'de:verb:beinhalten:fe6f16ea', 'beinhaltete', json('{"tense":"past","mood":"indicative","person":3,"number":"singular"}'), NULL, NULL, 'ce8c488dbca169e3', unixepoch('2025-01-01T00:00:00.000Z'), unixepoch('2025-01-01T00:00:00.000Z')),
  ('inf:de:verb:beschlieen:b68aaef9:083a08fca7', 'de:verb:beschlieen:b68aaef9', 'beschloss', json('{"tense":"past","mood":"indicative","person":3,"number":"singular"}'), NULL, NULL, '150f6f4880911a5a', unixepoch('2025-01-01T00:00:00.000Z'), unixepoch('2025-01-01T00:00:00.000Z')),
  ('inf:de:verb:beschlieen:b68aaef9:59eea66356', 'de:verb:beschlieen:b68aaef9', 'beschlossen', json('{"tense":"participle","aspect":"perfect"}'), NULL, NULL, '3ec02faadbb61126', unixepoch('2025-01-01T00:00:00.000Z'), unixepoch('2025-01-01T00:00:00.000Z')),
  ('inf:de:verb:beschlieen:b68aaef9:7ed108da8c', 'de:verb:beschlieen:b68aaef9', 'beschließen', json('{"tense":"infinitive","mood":"indicative"}'), NULL, NULL, 'b8fcae87b3b483a3', unixepoch('2025-01-01T00:00:00.000Z'), unixepoch('2025-01-01T00:00:00.000Z')),
  ('inf:de:verb:beschlieen:b68aaef9:c0324bf64f', 'de:verb:beschlieen:b68aaef9', 'hat beschlossen', json('{"tense":"perfect","auxiliary":"haben"}'), NULL, NULL, '3b3382db570c8708', unixepoch('2025-01-01T00:00:00.000Z'), unixepoch('2025-01-01T00:00:00.000Z')),
  ('inf:de:verb:bewerten:8ba3cd51:1edf5b99e0', 'de:verb:bewerten:8ba3cd51', 'bewertete', json('{"tense":"past","mood":"indicative","person":3,"number":"singular"}'), NULL, NULL, '9e4d32725a9eb324', unixepoch('2025-01-01T00:00:00.000Z'), unixepoch('2025-01-01T00:00:00.000Z')),
  ('inf:de:verb:bewerten:8ba3cd51:321938ddad', 'de:verb:bewerten:8ba3cd51', 'bewertet', json('{"tense":"participle","aspect":"perfect"}'), NULL, NULL, '4dc389f919373440', unixepoch('2025-01-01T00:00:00.000Z'), unixepoch('2025-01-01T00:00:00.000Z')),
  ('inf:de:verb:bewerten:8ba3cd51:ce528c4385', 'de:verb:bewerten:8ba3cd51', 'hat bewertet', json('{"tense":"perfect","auxiliary":"haben"}'), NULL, NULL, '7056e97e56f41d3c', unixepoch('2025-01-01T00:00:00.000Z'), unixepoch('2025-01-01T00:00:00.000Z')),
  ('inf:de:verb:bewerten:8ba3cd51:fffa00a2d8', 'de:verb:bewerten:8ba3cd51', 'bewerten', json('{"tense":"infinitive","mood":"indicative"}'), NULL, NULL, '7cb28a64591e1d8b', unixepoch('2025-01-01T00:00:00.000Z'), unixepoch('2025-01-01T00:00:00.000Z')),
  ('inf:de:verb:differenzieren:dfd84879:4455e74855', 'de:verb:differenzieren:dfd84879', 'differenziert', json('{"tense":"participle","aspect":"perfect"}'), NULL, NULL, '5cece1d588217862', unixepoch('2025-01-01T00:00:00.000Z'), unixepoch('2025-01-01T00:00:00.000Z')),
  ('inf:de:verb:differenzieren:dfd84879:90a88c0e33', 'de:verb:differenzieren:dfd84879', 'differenzieren', json('{"tense":"infinitive","mood":"indicative"}'), NULL, NULL, 'f98502c64dabd356', unixepoch('2025-01-01T00:00:00.000Z'), unixepoch('2025-01-01T00:00:00.000Z')),
  ('inf:de:verb:differenzieren:dfd84879:e64edbbafc', 'de:verb:differenzieren:dfd84879', 'differenzierte', json('{"tense":"past","mood":"indicative","person":3,"number":"singular"}'), NULL, NULL, '5d44c1ab269b224f', unixepoch('2025-01-01T00:00:00.000Z'), unixepoch('2025-01-01T00:00:00.000Z')),
  ('inf:de:verb:differenzieren:dfd84879:f366b8f9c3', 'de:verb:differenzieren:dfd84879', 'hat differenziert', json('{"tense":"perfect","auxiliary":"haben"}'), NULL, NULL, 'eb2cf2c41b144333', unixepoch('2025-01-01T00:00:00.000Z'), unixepoch('2025-01-01T00:00:00.000Z')),
  ('inf:de:verb:durchfuhren:d7dd8386:0566dd92f4', 'de:verb:durchfuhren:d7dd8386', 'durchführen', json('{"tense":"infinitive","mood":"indicative"}'), NULL, NULL, '5f5eba679a936c52', unixepoch('2025-01-01T00:00:00.000Z'), unixepoch('2025-01-01T00:00:00.000Z')),
  ('inf:de:verb:durchfuhren:d7dd8386:08dc08965b', 'de:verb:durchfuhren:d7dd8386', 'hat durchgeführt', json('{"tense":"perfect","auxiliary":"haben"}'), NULL, NULL, '6298828a2b62f236', unixepoch('2025-01-01T00:00:00.000Z'), unixepoch('2025-01-01T00:00:00.000Z')),
  ('inf:de:verb:durchfuhren:d7dd8386:32e926bcfe', 'de:verb:durchfuhren:d7dd8386', 'durchgeführt', json('{"tense":"participle","aspect":"perfect"}'), NULL, NULL, '1f56a75804ea975f', unixepoch('2025-01-01T00:00:00.000Z'), unixepoch('2025-01-01T00:00:00.000Z')),
  ('inf:de:verb:durchfuhren:d7dd8386:6c0c936373', 'de:verb:durchfuhren:d7dd8386', 'führte durch', json('{"tense":"past","mood":"indicative","person":3,"number":"singular"}'), NULL, NULL, 'a097140619135cd6', unixepoch('2025-01-01T00:00:00.000Z'), unixepoch('2025-01-01T00:00:00.000Z')),
  ('inf:de:verb:entsprechen:57d109b8:01c41571cf', 'de:verb:entsprechen:57d109b8', 'entsprach', json('{"tense":"past","mood":"indicative","person":3,"number":"singular"}'), NULL, NULL, '2f5ba1fd09896d02', unixepoch('2025-01-01T00:00:00.000Z'), unixepoch('2025-01-01T00:00:00.000Z')),
  ('inf:de:verb:entsprechen:57d109b8:07ee904d6b', 'de:verb:entsprechen:57d109b8', 'entsprechen', json('{"tense":"infinitive","mood":"indicative"}'), NULL, NULL, '45d960383f969fc5', unixepoch('2025-01-01T00:00:00.000Z'), unixepoch('2025-01-01T00:00:00.000Z')),
  ('inf:de:verb:entsprechen:57d109b8:637c51fbd8', 'de:verb:entsprechen:57d109b8', 'entsprochen', json('{"tense":"participle","aspect":"perfect"}'), NULL, NULL, '828f4d889ae6f51d', unixepoch('2025-01-01T00:00:00.000Z'), unixepoch('2025-01-01T00:00:00.000Z')),
  ('inf:de:verb:entsprechen:57d109b8:721680aed5', 'de:verb:entsprechen:57d109b8', 'hat entsprochen', json('{"tense":"perfect","auxiliary":"haben"}'), NULL, NULL, '2e15474cde566040', unixepoch('2025-01-01T00:00:00.000Z'), unixepoch('2025-01-01T00:00:00.000Z')),
  ('inf:de:verb:entstehen:1f1ff688:38c9636d00', 'de:verb:entstehen:1f1ff688', 'entstand', json('{"tense":"past","mood":"indicative","person":3,"number":"singular"}'), NULL, NULL, '4bb01ee29254121e', unixepoch('2025-01-01T00:00:00.000Z'), unixepoch('2025-01-01T00:00:00.000Z')),
  ('inf:de:verb:entstehen:1f1ff688:3b64ed8a59', 'de:verb:entstehen:1f1ff688', 'entstanden', json('{"tense":"participle","aspect":"perfect"}'), NULL, NULL, '38a8fce2ac4060d4', unixepoch('2025-01-01T00:00:00.000Z'), unixepoch('2025-01-01T00:00:00.000Z')),
  ('inf:de:verb:entstehen:1f1ff688:5df57880a4', 'de:verb:entstehen:1f1ff688', 'ist entstanden', json('{"tense":"perfect","auxiliary":"sein"}'), NULL, NULL, '07bee43998b9b994', unixepoch('2025-01-01T00:00:00.000Z'), unixepoch('2025-01-01T00:00:00.000Z')),
  ('inf:de:verb:entstehen:1f1ff688:a1dcd4f9ac', 'de:verb:entstehen:1f1ff688', 'entstehen', json('{"tense":"infinitive","mood":"indicative"}'), NULL, NULL, 'd08f63b2fe299f5e', unixepoch('2025-01-01T00:00:00.000Z'), unixepoch('2025-01-01T00:00:00.000Z')),
  ('inf:de:verb:erortern:09d9db06:1dae34da52', 'de:verb:erortern:09d9db06', 'erörtert', json('{"tense":"participle","aspect":"perfect"}'), NULL, NULL, 'ff5c0f6338c4249d', unixepoch('2025-01-01T00:00:00.000Z'), unixepoch('2025-01-01T00:00:00.000Z')),
  ('inf:de:verb:erortern:09d9db06:80ed719fb3', 'de:verb:erortern:09d9db06', 'erörtern', json('{"tense":"infinitive","mood":"indicative"}'), NULL, NULL, 'cde95fb1c7ebaf95', unixepoch('2025-01-01T00:00:00.000Z'), unixepoch('2025-01-01T00:00:00.000Z')),
  ('inf:de:verb:erortern:09d9db06:8e935e1a0c', 'de:verb:erortern:09d9db06', 'erörterte', json('{"tense":"past","mood":"indicative","person":3,"number":"singular"}'), NULL, NULL, '343da2e2cfb60f23', unixepoch('2025-01-01T00:00:00.000Z'), unixepoch('2025-01-01T00:00:00.000Z')),
  ('inf:de:verb:erortern:09d9db06:e043f0e023', 'de:verb:erortern:09d9db06', 'hat erörtert', json('{"tense":"perfect","auxiliary":"haben"}'), NULL, NULL, 'ca5189ce1171aff8', unixepoch('2025-01-01T00:00:00.000Z'), unixepoch('2025-01-01T00:00:00.000Z')),
  ('inf:de:verb:erreichen:94cfa315:3494eb2199', 'de:verb:erreichen:94cfa315', 'erreichen', json('{"tense":"infinitive","mood":"indicative"}'), NULL, NULL, '44e61a3b22f23b9a', unixepoch('2025-01-01T00:00:00.000Z'), unixepoch('2025-01-01T00:00:00.000Z')),
  ('inf:de:verb:erreichen:94cfa315:544d774734', 'de:verb:erreichen:94cfa315', 'hat erreicht', json('{"tense":"perfect","auxiliary":"haben"}'), NULL, NULL, '5972bff8ac4ae589', unixepoch('2025-01-01T00:00:00.000Z'), unixepoch('2025-01-01T00:00:00.000Z')),
  ('inf:de:verb:erreichen:94cfa315:5b80a8dfc3', 'de:verb:erreichen:94cfa315', 'erreichte', json('{"tense":"past","mood":"indicative","person":3,"number":"singular"}'), NULL, NULL, 'cdfde2b166955f3a', unixepoch('2025-01-01T00:00:00.000Z'), unixepoch('2025-01-01T00:00:00.000Z')),
  ('inf:de:verb:erreichen:94cfa315:e8d84eaa68', 'de:verb:erreichen:94cfa315', 'erreicht', json('{"tense":"participle","aspect":"perfect"}'), NULL, NULL, '8f85287936a16a0d', unixepoch('2025-01-01T00:00:00.000Z'), unixepoch('2025-01-01T00:00:00.000Z')),
  ('inf:de:verb:essen:9062b395:5e7588bc7c', 'de:verb:essen:9062b395', 'hat gegessen', json('{"tense":"perfect","auxiliary":"haben"}'), NULL, NULL, '4f29cd7fa710388e', unixepoch('2025-01-01T00:00:00.000Z'), unixepoch('2025-01-01T00:00:00.000Z')),
  ('inf:de:verb:essen:9062b395:a8fdfb3f0d', 'de:verb:essen:9062b395', 'aß', json('{"tense":"past","mood":"indicative","person":3,"number":"singular"}'), NULL, NULL, '37118d67a0da816a', unixepoch('2025-01-01T00:00:00.000Z'), unixepoch('2025-01-01T00:00:00.000Z')),
  ('inf:de:verb:essen:9062b395:d5bc254e20', 'de:verb:essen:9062b395', 'essen', json('{"tense":"infinitive","mood":"indicative"}'), NULL, NULL, '727891512666e614', unixepoch('2025-01-01T00:00:00.000Z'), unixepoch('2025-01-01T00:00:00.000Z')),
  ('inf:de:verb:essen:9062b395:ebc066acd0', 'de:verb:essen:9062b395', 'gegessen', json('{"tense":"participle","aspect":"perfect"}'), NULL, NULL, '3267d50d9f6314f8', unixepoch('2025-01-01T00:00:00.000Z'), unixepoch('2025-01-01T00:00:00.000Z')),
  ('inf:de:verb:fahren:15cf3f6b:1be9c26af7', 'de:verb:fahren:15cf3f6b', 'fuhr', json('{"tense":"past","mood":"indicative","person":3,"number":"singular"}'), NULL, NULL, 'e9605d6859331c94', unixepoch('2025-01-01T00:00:00.000Z'), unixepoch('2025-01-01T00:00:00.000Z')),
  ('inf:de:verb:fahren:15cf3f6b:67c7c357b4', 'de:verb:fahren:15cf3f6b', 'gefahren', json('{"tense":"participle","aspect":"perfect"}'), NULL, NULL, '050e4cddd40535f2', unixepoch('2025-01-01T00:00:00.000Z'), unixepoch('2025-01-01T00:00:00.000Z')),
  ('inf:de:verb:fahren:15cf3f6b:a319a43426', 'de:verb:fahren:15cf3f6b', 'fahren', json('{"tense":"infinitive","mood":"indicative"}'), NULL, NULL, 'efb100f343e4f93a', unixepoch('2025-01-01T00:00:00.000Z'), unixepoch('2025-01-01T00:00:00.000Z')),
  ('inf:de:verb:fahren:15cf3f6b:bbf43d316e', 'de:verb:fahren:15cf3f6b', 'ist gefahren', json('{"tense":"perfect","auxiliary":"sein"}'), NULL, NULL, '45eb92c9ae5b03cf', unixepoch('2025-01-01T00:00:00.000Z'), unixepoch('2025-01-01T00:00:00.000Z')),
  ('inf:de:verb:fliegen:75459563:8565779e84', 'de:verb:fliegen:75459563', 'ist geflogen', json('{"tense":"perfect","auxiliary":"sein"}'), NULL, NULL, '173e5ffb3d30777f', unixepoch('2025-01-01T00:00:00.000Z'), unixepoch('2025-01-01T00:00:00.000Z')),
  ('inf:de:verb:fliegen:75459563:90c2a6d9bf', 'de:verb:fliegen:75459563', 'flog', json('{"tense":"past","mood":"indicative","person":3,"number":"singular"}'), NULL, NULL, '46cb7e0ba9dab331', unixepoch('2025-01-01T00:00:00.000Z'), unixepoch('2025-01-01T00:00:00.000Z')),
  ('inf:de:verb:fliegen:75459563:97eb482b0a', 'de:verb:fliegen:75459563', 'fliegen', json('{"tense":"infinitive","mood":"indicative"}'), NULL, NULL, 'e3a5eb546a57fce3', unixepoch('2025-01-01T00:00:00.000Z'), unixepoch('2025-01-01T00:00:00.000Z')),
  ('inf:de:verb:fliegen:75459563:ad8cdc69e6', 'de:verb:fliegen:75459563', 'geflogen', json('{"tense":"participle","aspect":"perfect"}'), NULL, NULL, '54b09ade3dd2917a', unixepoch('2025-01-01T00:00:00.000Z'), unixepoch('2025-01-01T00:00:00.000Z')),
  ('inf:de:verb:gedeihen:8ff24825:1abdcdacac', 'de:verb:gedeihen:8ff24825', 'ist gediehen', json('{"tense":"perfect","auxiliary":"sein"}'), NULL, NULL, '0141fbe036d8ab80', unixepoch('2025-01-01T00:00:00.000Z'), unixepoch('2025-01-01T00:00:00.000Z')),
  ('inf:de:verb:gedeihen:8ff24825:34c8c587e5', 'de:verb:gedeihen:8ff24825', 'gediehen', json('{"tense":"participle","aspect":"perfect"}'), NULL, NULL, 'e9894668677269fa', unixepoch('2025-01-01T00:00:00.000Z'), unixepoch('2025-01-01T00:00:00.000Z')),
  ('inf:de:verb:gedeihen:8ff24825:8eaf1250b2', 'de:verb:gedeihen:8ff24825', 'gedieh', json('{"tense":"past","mood":"indicative","person":3,"number":"singular"}'), NULL, NULL, '413219676a3e91cf', unixepoch('2025-01-01T00:00:00.000Z'), unixepoch('2025-01-01T00:00:00.000Z')),
  ('inf:de:verb:gedeihen:8ff24825:c54353e913', 'de:verb:gedeihen:8ff24825', 'gedeihen', json('{"tense":"infinitive","mood":"indicative"}'), NULL, NULL, 'eee09ecdfc2543d9', unixepoch('2025-01-01T00:00:00.000Z'), unixepoch('2025-01-01T00:00:00.000Z')),
  ('inf:de:verb:gehen:c7dab9ca:501f0bfb52', 'de:verb:gehen:c7dab9ca', 'ging', json('{"tense":"past","mood":"indicative","person":3,"number":"singular"}'), NULL, NULL, '3d7df642e38f771b', unixepoch('2025-01-01T00:00:00.000Z'), unixepoch('2025-01-01T00:00:00.000Z')),
  ('inf:de:verb:gehen:c7dab9ca:749fb14fa3', 'de:verb:gehen:c7dab9ca', 'gegangen', json('{"tense":"participle","aspect":"perfect"}'), NULL, NULL, 'b8f7fdcb72be77c2', unixepoch('2025-01-01T00:00:00.000Z'), unixepoch('2025-01-01T00:00:00.000Z')),
  ('inf:de:verb:gehen:c7dab9ca:79abfd94ee', 'de:verb:gehen:c7dab9ca', 'gehen', json('{"tense":"infinitive","mood":"indicative"}'), NULL, NULL, 'bd8cfd2c57bd9e3e', unixepoch('2025-01-01T00:00:00.000Z'), unixepoch('2025-01-01T00:00:00.000Z')),
  ('inf:de:verb:gehen:c7dab9ca:b09f26731e', 'de:verb:gehen:c7dab9ca', 'ist gegangen', json('{"tense":"perfect","auxiliary":"sein"}'), NULL, NULL, '1fc8ee6fb0e9579c', unixepoch('2025-01-01T00:00:00.000Z'), unixepoch('2025-01-01T00:00:00.000Z')),
  ('inf:de:verb:gehen:c7dab9ca:c3105167de', 'de:verb:gehen:c7dab9ca', 'gehe', json('{"tense":"present","mood":"indicative","person":1,"number":"singular"}'), NULL, NULL, '047a5334160c6e12', unixepoch('2025-01-01T00:00:00.000Z'), unixepoch('2025-01-01T00:00:00.000Z')),
  ('inf:de:verb:gehen:c7dab9ca:cf14ac8f66', 'de:verb:gehen:c7dab9ca', 'geht', json('{"tense":"present","mood":"indicative","person":3,"number":"singular"}'), NULL, NULL, '295aca8c571ef143', unixepoch('2025-01-01T00:00:00.000Z'), unixepoch('2025-01-01T00:00:00.000Z')),
  ('inf:de:verb:haben:6b7855da:3df6cf5119', 'de:verb:haben:6b7855da', 'habe', json('{"tense":"present","mood":"indicative","person":1,"number":"singular"}'), NULL, NULL, 'a7dbdc4f4e484ec0', unixepoch('2025-01-01T00:00:00.000Z'), unixepoch('2025-01-01T00:00:00.000Z')),
  ('inf:de:verb:haben:6b7855da:670e4b621c', 'de:verb:haben:6b7855da', 'hat', json('{"tense":"present","mood":"indicative","person":3,"number":"singular"}'), NULL, NULL, '1f1a10166cfef86b', unixepoch('2025-01-01T00:00:00.000Z'), unixepoch('2025-01-01T00:00:00.000Z')),
  ('inf:de:verb:haben:6b7855da:6b3041ec57', 'de:verb:haben:6b7855da', 'haben', json('{"tense":"infinitive","mood":"indicative"}'), NULL, NULL, '42ec019a80eff876', unixepoch('2025-01-01T00:00:00.000Z'), unixepoch('2025-01-01T00:00:00.000Z')),
  ('inf:de:verb:haben:6b7855da:c52ef6c7a8', 'de:verb:haben:6b7855da', 'gehabt', json('{"tense":"participle","aspect":"perfect"}'), NULL, NULL, '3256ad8d3933223a', unixepoch('2025-01-01T00:00:00.000Z'), unixepoch('2025-01-01T00:00:00.000Z')),
  ('inf:de:verb:haben:6b7855da:e163491f15', 'de:verb:haben:6b7855da', 'hat gehabt', json('{"tense":"perfect","auxiliary":"haben"}'), NULL, NULL, 'e804d90fb8f5a4f9', unixepoch('2025-01-01T00:00:00.000Z'), unixepoch('2025-01-01T00:00:00.000Z')),
  ('inf:de:verb:haben:6b7855da:e90c78b96c', 'de:verb:haben:6b7855da', 'hatte', json('{"tense":"past","mood":"indicative","person":3,"number":"singular"}'), NULL, NULL, 'b25ea7e007c4277a', unixepoch('2025-01-01T00:00:00.000Z'), unixepoch('2025-01-01T00:00:00.000Z')),
  ('inf:de:verb:heien:0a417ffe:109ac7a1ac', 'de:verb:heien:0a417ffe', 'geheißen', json('{"tense":"participle","aspect":"perfect"}'), NULL, NULL, '092a98aaf8d08502', unixepoch('2025-01-01T00:00:00.000Z'), unixepoch('2025-01-01T00:00:00.000Z')),
  ('inf:de:verb:heien:0a417ffe:1e2cdfbe3a', 'de:verb:heien:0a417ffe', 'hieß', json('{"tense":"past","mood":"indicative","person":3,"number":"singular"}'), NULL, NULL, '3a373caf401c2ad0', unixepoch('2025-01-01T00:00:00.000Z'), unixepoch('2025-01-01T00:00:00.000Z')),
  ('inf:de:verb:heien:0a417ffe:4d96b685b9', 'de:verb:heien:0a417ffe', 'hat geheißen', json('{"tense":"perfect","auxiliary":"haben"}'), NULL, NULL, 'c746fb3c8c2d83e1', unixepoch('2025-01-01T00:00:00.000Z'), unixepoch('2025-01-01T00:00:00.000Z')),
  ('inf:de:verb:heien:0a417ffe:f755858565', 'de:verb:heien:0a417ffe', 'heißen', json('{"tense":"infinitive","mood":"indicative"}'), NULL, NULL, '67c645b46eb6438d', unixepoch('2025-01-01T00:00:00.000Z'), unixepoch('2025-01-01T00:00:00.000Z')),
  ('inf:de:verb:horen:76923fd3:4eca446d83', 'de:verb:horen:76923fd3', 'gehört', json('{"tense":"participle","aspect":"perfect"}'), NULL, NULL, '8b7914f675c31f02', unixepoch('2025-01-01T00:00:00.000Z'), unixepoch('2025-01-01T00:00:00.000Z')),
  ('inf:de:verb:horen:76923fd3:4fb5c4d087', 'de:verb:horen:76923fd3', 'hat gehört', json('{"tense":"perfect","auxiliary":"haben"}'), NULL, NULL, '39dce2891abdb825', unixepoch('2025-01-01T00:00:00.000Z'), unixepoch('2025-01-01T00:00:00.000Z')),
  ('inf:de:verb:horen:76923fd3:c44a4733c0', 'de:verb:horen:76923fd3', 'hörte', json('{"tense":"past","mood":"indicative","person":3,"number":"singular"}'), NULL, NULL, '62e01b07f10bcd01', unixepoch('2025-01-01T00:00:00.000Z'), unixepoch('2025-01-01T00:00:00.000Z')),
  ('inf:de:verb:horen:76923fd3:e15fe661aa', 'de:verb:horen:76923fd3', 'hören', json('{"tense":"infinitive","mood":"indicative"}'), NULL, NULL, '453ec5582c1fb4ca', unixepoch('2025-01-01T00:00:00.000Z'), unixepoch('2025-01-01T00:00:00.000Z')),
  ('inf:de:verb:kaufen:b2486f52:11a972e86b', 'de:verb:kaufen:b2486f52', 'kaufen', json('{"tense":"infinitive","mood":"indicative"}'), NULL, NULL, 'c5af53c572d6c469', unixepoch('2025-01-01T00:00:00.000Z'), unixepoch('2025-01-01T00:00:00.000Z')),
  ('inf:de:verb:kaufen:b2486f52:495f191db5', 'de:verb:kaufen:b2486f52', 'kaufte', json('{"tense":"past","mood":"indicative","person":3,"number":"singular"}'), NULL, NULL, '367e7f8321ca5f3d', unixepoch('2025-01-01T00:00:00.000Z'), unixepoch('2025-01-01T00:00:00.000Z')),
  ('inf:de:verb:kaufen:b2486f52:6390d8175a', 'de:verb:kaufen:b2486f52', 'hat gekauft', json('{"tense":"perfect","auxiliary":"haben"}'), NULL, NULL, '06223b8f0ba75255', unixepoch('2025-01-01T00:00:00.000Z'), unixepoch('2025-01-01T00:00:00.000Z')),
  ('inf:de:verb:kaufen:b2486f52:98466d44cb', 'de:verb:kaufen:b2486f52', 'gekauft', json('{"tense":"participle","aspect":"perfect"}'), NULL, NULL, 'd1e8271bb320046e', unixepoch('2025-01-01T00:00:00.000Z'), unixepoch('2025-01-01T00:00:00.000Z')),
  ('inf:de:verb:kommen:7df1ed0e:465568d1f1', 'de:verb:kommen:7df1ed0e', 'gekommen', json('{"tense":"participle","aspect":"perfect"}'), NULL, NULL, 'd33fdce864734588', unixepoch('2025-01-01T00:00:00.000Z'), unixepoch('2025-01-01T00:00:00.000Z')),
  ('inf:de:verb:kommen:7df1ed0e:5582b9adb8', 'de:verb:kommen:7df1ed0e', 'ist gekommen', json('{"tense":"perfect","auxiliary":"sein"}'), NULL, NULL, '4cac3e1c37cb7fc4', unixepoch('2025-01-01T00:00:00.000Z'), unixepoch('2025-01-01T00:00:00.000Z')),
  ('inf:de:verb:kommen:7df1ed0e:9e702819f4', 'de:verb:kommen:7df1ed0e', 'kam', json('{"tense":"past","mood":"indicative","person":3,"number":"singular"}'), NULL, NULL, '8433e1af2795736d', unixepoch('2025-01-01T00:00:00.000Z'), unixepoch('2025-01-01T00:00:00.000Z')),
  ('inf:de:verb:kommen:7df1ed0e:a6170b54c6', 'de:verb:kommen:7df1ed0e', 'kommen', json('{"tense":"infinitive","mood":"indicative"}'), NULL, NULL, '131bf1ffe110113d', unixepoch('2025-01-01T00:00:00.000Z'), unixepoch('2025-01-01T00:00:00.000Z')),
  ('inf:de:verb:konnen:f5b71764:30ebea0009', 'de:verb:konnen:f5b71764', 'gekonnt', json('{"tense":"participle","aspect":"perfect"}'), NULL, NULL, '705bd3ddbe26e402', unixepoch('2025-01-01T00:00:00.000Z'), unixepoch('2025-01-01T00:00:00.000Z')),
  ('inf:de:verb:konnen:f5b71764:5ac17addb0', 'de:verb:konnen:f5b71764', 'kann', json('{"tense":"present","mood":"indicative","person":1,"number":"singular"}'), NULL, NULL, '75d0db804503a44a', unixepoch('2025-01-01T00:00:00.000Z'), unixepoch('2025-01-01T00:00:00.000Z')),
  ('inf:de:verb:konnen:f5b71764:5fdc37cc38', 'de:verb:konnen:f5b71764', 'hat gekonnt', json('{"tense":"perfect","auxiliary":"haben"}'), NULL, NULL, '0b78af5bb57b71ee', unixepoch('2025-01-01T00:00:00.000Z'), unixepoch('2025-01-01T00:00:00.000Z')),
  ('inf:de:verb:konnen:f5b71764:a9c1c1e7bb', 'de:verb:konnen:f5b71764', 'können', json('{"tense":"infinitive","mood":"indicative"}'), NULL, NULL, '96f0e4b2d5e98650', unixepoch('2025-01-01T00:00:00.000Z'), unixepoch('2025-01-01T00:00:00.000Z')),
  ('inf:de:verb:konnen:f5b71764:a9f82417ae', 'de:verb:konnen:f5b71764', 'konnte', json('{"tense":"past","mood":"indicative","person":3,"number":"singular"}'), NULL, NULL, '931f86444deee30a', unixepoch('2025-01-01T00:00:00.000Z'), unixepoch('2025-01-01T00:00:00.000Z')),
  ('inf:de:verb:konnen:f5b71764:b290b0e885', 'de:verb:konnen:f5b71764', 'kann', json('{"tense":"present","mood":"indicative","person":3,"number":"singular"}'), NULL, NULL, '332f5713ab6aa405', unixepoch('2025-01-01T00:00:00.000Z'), unixepoch('2025-01-01T00:00:00.000Z')),
  ('inf:de:verb:laufen:a1f8f02c:48c401582c', 'de:verb:laufen:a1f8f02c', 'gelaufen', json('{"tense":"participle","aspect":"perfect"}'), NULL, NULL, 'edd294b19e73ab8e', unixepoch('2025-01-01T00:00:00.000Z'), unixepoch('2025-01-01T00:00:00.000Z')),
  ('inf:de:verb:laufen:a1f8f02c:742db16485', 'de:verb:laufen:a1f8f02c', 'lief', json('{"tense":"past","mood":"indicative","person":3,"number":"singular"}'), NULL, NULL, '10ae1154fd411dd6', unixepoch('2025-01-01T00:00:00.000Z'), unixepoch('2025-01-01T00:00:00.000Z')),
  ('inf:de:verb:laufen:a1f8f02c:9d573f9a08', 'de:verb:laufen:a1f8f02c', 'laufen', json('{"tense":"infinitive","mood":"indicative"}'), NULL, NULL, '0eb12f0e2183e909', unixepoch('2025-01-01T00:00:00.000Z'), unixepoch('2025-01-01T00:00:00.000Z')),
  ('inf:de:verb:laufen:a1f8f02c:f12168d464', 'de:verb:laufen:a1f8f02c', 'ist gelaufen', json('{"tense":"perfect","auxiliary":"sein"}'), NULL, NULL, '61cecdfc658871be', unixepoch('2025-01-01T00:00:00.000Z'), unixepoch('2025-01-01T00:00:00.000Z')),
  ('inf:de:verb:leben:eedbdf34:1d457fbfad', 'de:verb:leben:eedbdf34', 'gelebt', json('{"tense":"participle","aspect":"perfect"}'), NULL, NULL, '2b4a5faed75683c4', unixepoch('2025-01-01T00:00:00.000Z'), unixepoch('2025-01-01T00:00:00.000Z')),
  ('inf:de:verb:leben:eedbdf34:674b093cea', 'de:verb:leben:eedbdf34', 'lebte', json('{"tense":"past","mood":"indicative","person":3,"number":"singular"}'), NULL, NULL, '914ec579646f5637', unixepoch('2025-01-01T00:00:00.000Z'), unixepoch('2025-01-01T00:00:00.000Z')),
  ('inf:de:verb:leben:eedbdf34:b265651f97', 'de:verb:leben:eedbdf34', 'hat gelebt', json('{"tense":"perfect","auxiliary":"haben"}'), NULL, NULL, '5c509e5f0cfe4182', unixepoch('2025-01-01T00:00:00.000Z'), unixepoch('2025-01-01T00:00:00.000Z')),
  ('inf:de:verb:leben:eedbdf34:c520186668', 'de:verb:leben:eedbdf34', 'leben', json('{"tense":"infinitive","mood":"indicative"}'), NULL, NULL, '5157b63d3e4687cb', unixepoch('2025-01-01T00:00:00.000Z'), unixepoch('2025-01-01T00:00:00.000Z')),
  ('inf:de:verb:lernen:5b328a53:5f632b0f3a', 'de:verb:lernen:5b328a53', 'hat gelernt', json('{"tense":"perfect","auxiliary":"haben"}'), NULL, NULL, 'c89e10c18a82b6e0', unixepoch('2025-01-01T00:00:00.000Z'), unixepoch('2025-01-01T00:00:00.000Z')),
  ('inf:de:verb:lernen:5b328a53:81a909b122', 'de:verb:lernen:5b328a53', 'lernte', json('{"tense":"past","mood":"indicative","person":3,"number":"singular"}'), NULL, NULL, 'ac1db51c1c6bd543', unixepoch('2025-01-01T00:00:00.000Z'), unixepoch('2025-01-01T00:00:00.000Z')),
  ('inf:de:verb:lernen:5b328a53:e5d52765fe', 'de:verb:lernen:5b328a53', 'lernen', json('{"tense":"infinitive","mood":"indicative"}'), NULL, NULL, 'c00d79b30edf4701', unixepoch('2025-01-01T00:00:00.000Z'), unixepoch('2025-01-01T00:00:00.000Z')),
  ('inf:de:verb:lernen:5b328a53:f76ca8dcb5', 'de:verb:lernen:5b328a53', 'gelernt', json('{"tense":"participle","aspect":"perfect"}'), NULL, NULL, '49ccfa2795819131', unixepoch('2025-01-01T00:00:00.000Z'), unixepoch('2025-01-01T00:00:00.000Z')),
  ('inf:de:verb:lesen:c900d552:4d929593a2', 'de:verb:lesen:c900d552', 'hat gelesen', json('{"tense":"perfect","auxiliary":"haben"}'), NULL, NULL, '5330ff2d12a83620', unixepoch('2025-01-01T00:00:00.000Z'), unixepoch('2025-01-01T00:00:00.000Z')),
  ('inf:de:verb:lesen:c900d552:6d2a52c331', 'de:verb:lesen:c900d552', 'gelesen', json('{"tense":"participle","aspect":"perfect"}'), NULL, NULL, 'ce5de8861d3cd72a', unixepoch('2025-01-01T00:00:00.000Z'), unixepoch('2025-01-01T00:00:00.000Z')),
  ('inf:de:verb:lesen:c900d552:76e422cd45', 'de:verb:lesen:c900d552', 'las', json('{"tense":"past","mood":"indicative","person":3,"number":"singular"}'), NULL, NULL, '1f123b5e8f5790c9', unixepoch('2025-01-01T00:00:00.000Z'), unixepoch('2025-01-01T00:00:00.000Z')),
  ('inf:de:verb:lesen:c900d552:a5441dfc3d', 'de:verb:lesen:c900d552', 'lesen', json('{"tense":"infinitive","mood":"indicative"}'), NULL, NULL, '7a67419865f7baf8', unixepoch('2025-01-01T00:00:00.000Z'), unixepoch('2025-01-01T00:00:00.000Z')),
  ('inf:de:verb:machen:3e9552c8:0b1c64e874', 'de:verb:machen:3e9552c8', 'hat gemacht', json('{"tense":"perfect","auxiliary":"haben"}'), NULL, NULL, 'adf799cd2f064653', unixepoch('2025-01-01T00:00:00.000Z'), unixepoch('2025-01-01T00:00:00.000Z')),
  ('inf:de:verb:machen:3e9552c8:821c7ec6e2', 'de:verb:machen:3e9552c8', 'machen', json('{"tense":"infinitive","mood":"indicative"}'), NULL, NULL, 'a7b7a983d84225af', unixepoch('2025-01-01T00:00:00.000Z'), unixepoch('2025-01-01T00:00:00.000Z')),
  ('inf:de:verb:machen:3e9552c8:ce5f529e22', 'de:verb:machen:3e9552c8', 'machte', json('{"tense":"past","mood":"indicative","person":3,"number":"singular"}'), NULL, NULL, 'a66a513e64684c1d', unixepoch('2025-01-01T00:00:00.000Z'), unixepoch('2025-01-01T00:00:00.000Z')),
  ('inf:de:verb:machen:3e9552c8:e6ce5ef977', 'de:verb:machen:3e9552c8', 'gemacht', json('{"tense":"participle","aspect":"perfect"}'), NULL, NULL, 'e0aa90d88baa2609', unixepoch('2025-01-01T00:00:00.000Z'), unixepoch('2025-01-01T00:00:00.000Z')),
  ('inf:de:verb:mussen:5c5eebed:01b0ab5b79', 'de:verb:mussen:5c5eebed', 'hat gemusst', json('{"tense":"perfect","auxiliary":"haben"}'), NULL, NULL, '863e0baaa2cd45b1', unixepoch('2025-01-01T00:00:00.000Z'), unixepoch('2025-01-01T00:00:00.000Z')),
  ('inf:de:verb:mussen:5c5eebed:0520193009', 'de:verb:mussen:5c5eebed', 'gemusst', json('{"tense":"participle","aspect":"perfect"}'), NULL, NULL, '2b668a7889b2cc1a', unixepoch('2025-01-01T00:00:00.000Z'), unixepoch('2025-01-01T00:00:00.000Z')),
  ('inf:de:verb:mussen:5c5eebed:0be37bbb10', 'de:verb:mussen:5c5eebed', 'muss', json('{"tense":"present","mood":"indicative","person":3,"number":"singular"}'), NULL, NULL, 'ac99b97e41cf92f0', unixepoch('2025-01-01T00:00:00.000Z'), unixepoch('2025-01-01T00:00:00.000Z')),
  ('inf:de:verb:mussen:5c5eebed:ce0045fce9', 'de:verb:mussen:5c5eebed', 'musste', json('{"tense":"past","mood":"indicative","person":3,"number":"singular"}'), NULL, NULL, 'a939a85016760745', unixepoch('2025-01-01T00:00:00.000Z'), unixepoch('2025-01-01T00:00:00.000Z')),
  ('inf:de:verb:mussen:5c5eebed:cf8ca8b1fe', 'de:verb:mussen:5c5eebed', 'müssen', json('{"tense":"infinitive","mood":"indicative"}'), NULL, NULL, 'ce573bc54432e707', unixepoch('2025-01-01T00:00:00.000Z'), unixepoch('2025-01-01T00:00:00.000Z')),
  ('inf:de:verb:mussen:5c5eebed:fcbf4c7aa6', 'de:verb:mussen:5c5eebed', 'muss', json('{"tense":"present","mood":"indicative","person":1,"number":"singular"}'), NULL, NULL, '5e6222ea31c55867', unixepoch('2025-01-01T00:00:00.000Z'), unixepoch('2025-01-01T00:00:00.000Z')),
  ('inf:de:verb:schlafen:d2453ec6:1019f20c9d', 'de:verb:schlafen:d2453ec6', 'schlafen', json('{"tense":"infinitive","mood":"indicative"}'), NULL, NULL, '86225f1f58fddddd', unixepoch('2025-01-01T00:00:00.000Z'), unixepoch('2025-01-01T00:00:00.000Z')),
  ('inf:de:verb:schlafen:d2453ec6:4ef9c38b0d', 'de:verb:schlafen:d2453ec6', 'geschlafen', json('{"tense":"participle","aspect":"perfect"}'), NULL, NULL, '60f75d7bf3930a9e', unixepoch('2025-01-01T00:00:00.000Z'), unixepoch('2025-01-01T00:00:00.000Z')),
  ('inf:de:verb:schlafen:d2453ec6:808904e6b5', 'de:verb:schlafen:d2453ec6', 'hat geschlafen', json('{"tense":"perfect","auxiliary":"haben"}'), NULL, NULL, 'a8189a424d24c045', unixepoch('2025-01-01T00:00:00.000Z'), unixepoch('2025-01-01T00:00:00.000Z')),
  ('inf:de:verb:schlafen:d2453ec6:f0c941ae34', 'de:verb:schlafen:d2453ec6', 'schlief', json('{"tense":"past","mood":"indicative","person":3,"number":"singular"}'), NULL, NULL, 'b1d7fd3eb7fa6d4a', unixepoch('2025-01-01T00:00:00.000Z'), unixepoch('2025-01-01T00:00:00.000Z')),
  ('inf:de:verb:schreiben:954e0878:1137de2fd7', 'de:verb:schreiben:954e0878', 'geschrieben', json('{"tense":"participle","aspect":"perfect"}'), NULL, NULL, '3152f130747bf30d', unixepoch('2025-01-01T00:00:00.000Z'), unixepoch('2025-01-01T00:00:00.000Z')),
  ('inf:de:verb:schreiben:954e0878:55adcecfcd', 'de:verb:schreiben:954e0878', 'schrieb', json('{"tense":"past","mood":"indicative","person":3,"number":"singular"}'), NULL, NULL, '7b3d1bc48f6c359b', unixepoch('2025-01-01T00:00:00.000Z'), unixepoch('2025-01-01T00:00:00.000Z')),
  ('inf:de:verb:schreiben:954e0878:58d8dc6399', 'de:verb:schreiben:954e0878', 'schreiben', json('{"tense":"infinitive","mood":"indicative"}'), NULL, NULL, 'bb35fc02b0cf4ff5', unixepoch('2025-01-01T00:00:00.000Z'), unixepoch('2025-01-01T00:00:00.000Z')),
  ('inf:de:verb:schreiben:954e0878:c10db11237', 'de:verb:schreiben:954e0878', 'hat geschrieben', json('{"tense":"perfect","auxiliary":"haben"}'), NULL, NULL, '314697ffb39864ef', unixepoch('2025-01-01T00:00:00.000Z'), unixepoch('2025-01-01T00:00:00.000Z')),
  ('inf:de:verb:schwimmen:669504d1:2e7f315884', 'de:verb:schwimmen:669504d1', 'ist geschwommen', json('{"tense":"perfect","auxiliary":"sein"}'), NULL, NULL, 'e1304d5685202362', unixepoch('2025-01-01T00:00:00.000Z'), unixepoch('2025-01-01T00:00:00.000Z')),
  ('inf:de:verb:schwimmen:669504d1:a5d2f961ed', 'de:verb:schwimmen:669504d1', 'geschwommen', json('{"tense":"participle","aspect":"perfect"}'), NULL, NULL, 'ed117c477d65c564', unixepoch('2025-01-01T00:00:00.000Z'), unixepoch('2025-01-01T00:00:00.000Z')),
  ('inf:de:verb:schwimmen:669504d1:d1872f4ce2', 'de:verb:schwimmen:669504d1', 'schwimmen', json('{"tense":"infinitive","mood":"indicative"}'), NULL, NULL, '6e5d5d1a9925c94a', unixepoch('2025-01-01T00:00:00.000Z'), unixepoch('2025-01-01T00:00:00.000Z')),
  ('inf:de:verb:schwimmen:669504d1:ecd091156e', 'de:verb:schwimmen:669504d1', 'schwamm', json('{"tense":"past","mood":"indicative","person":3,"number":"singular"}'), NULL, NULL, 'cb40267b1a69a68c', unixepoch('2025-01-01T00:00:00.000Z'), unixepoch('2025-01-01T00:00:00.000Z')),
  ('inf:de:verb:sehen:b70191ab:6b2e4a85eb', 'de:verb:sehen:b70191ab', 'hat gesehen', json('{"tense":"perfect","auxiliary":"haben"}'), NULL, NULL, '643ebc4968d743d8', unixepoch('2025-01-01T00:00:00.000Z'), unixepoch('2025-01-01T00:00:00.000Z')),
  ('inf:de:verb:sehen:b70191ab:6f7171b175', 'de:verb:sehen:b70191ab', 'gesehen', json('{"tense":"participle","aspect":"perfect"}'), NULL, NULL, '80c529fc9e0c3fa3', unixepoch('2025-01-01T00:00:00.000Z'), unixepoch('2025-01-01T00:00:00.000Z')),
  ('inf:de:verb:sehen:b70191ab:cd70af5ba6', 'de:verb:sehen:b70191ab', 'sehen', json('{"tense":"infinitive","mood":"indicative"}'), NULL, NULL, 'ac6368ded4cf80be', unixepoch('2025-01-01T00:00:00.000Z'), unixepoch('2025-01-01T00:00:00.000Z')),
  ('inf:de:verb:sehen:b70191ab:d9545a707e', 'de:verb:sehen:b70191ab', 'sah', json('{"tense":"past","mood":"indicative","person":3,"number":"singular"}'), NULL, NULL, 'b67c25de15e1a133', unixepoch('2025-01-01T00:00:00.000Z'), unixepoch('2025-01-01T00:00:00.000Z')),
  ('inf:de:verb:sein:406c878d:1f700a0243', 'de:verb:sein:406c878d', 'bin', json('{"tense":"present","mood":"indicative","person":1,"number":"singular"}'), NULL, NULL, 'dad430b79f926297', unixepoch('2025-01-01T00:00:00.000Z'), unixepoch('2025-01-01T00:00:00.000Z')),
  ('inf:de:verb:sein:406c878d:4c8526e4ed', 'de:verb:sein:406c878d', 'ist', json('{"tense":"present","mood":"indicative","person":3,"number":"singular"}'), NULL, NULL, '4b08263807ca37f5', unixepoch('2025-01-01T00:00:00.000Z'), unixepoch('2025-01-01T00:00:00.000Z')),
  ('inf:de:verb:sein:406c878d:6d549e4ab2', 'de:verb:sein:406c878d', 'sein', json('{"tense":"infinitive","mood":"indicative"}'), NULL, NULL, '1a6baedf498d10b2', unixepoch('2025-01-01T00:00:00.000Z'), unixepoch('2025-01-01T00:00:00.000Z')),
  ('inf:de:verb:sein:406c878d:aee8685688', 'de:verb:sein:406c878d', 'ist gewesen', json('{"tense":"perfect","auxiliary":"sein"}'), NULL, NULL, 'fcb0b5f96d763d2e', unixepoch('2025-01-01T00:00:00.000Z'), unixepoch('2025-01-01T00:00:00.000Z')),
  ('inf:de:verb:sein:406c878d:c7515fff20', 'de:verb:sein:406c878d', 'war', json('{"tense":"past","mood":"indicative","person":3,"number":"singular"}'), NULL, NULL, 'ac027520f0aad8ae', unixepoch('2025-01-01T00:00:00.000Z'), unixepoch('2025-01-01T00:00:00.000Z')),
  ('inf:de:verb:sein:406c878d:d4be5eb740', 'de:verb:sein:406c878d', 'gewesen', json('{"tense":"participle","aspect":"perfect"}'), NULL, NULL, '5597c4035f0c3768', unixepoch('2025-01-01T00:00:00.000Z'), unixepoch('2025-01-01T00:00:00.000Z')),
  ('inf:de:verb:sollen:d4809c2d:134bbc33fc', 'de:verb:sollen:d4809c2d', 'soll', json('{"tense":"present","mood":"indicative","person":3,"number":"singular"}'), NULL, NULL, 'c729c3f76be0ed14', unixepoch('2025-01-01T00:00:00.000Z'), unixepoch('2025-01-01T00:00:00.000Z')),
  ('inf:de:verb:sollen:d4809c2d:6cbc98feb4', 'de:verb:sollen:d4809c2d', 'soll', json('{"tense":"present","mood":"indicative","person":1,"number":"singular"}'), NULL, NULL, '31f6cd7590c44330', unixepoch('2025-01-01T00:00:00.000Z'), unixepoch('2025-01-01T00:00:00.000Z')),
  ('inf:de:verb:sollen:d4809c2d:926e42edb3', 'de:verb:sollen:d4809c2d', 'sollen', json('{"tense":"infinitive","mood":"indicative"}'), NULL, NULL, '264c57a3a7949f0a', unixepoch('2025-01-01T00:00:00.000Z'), unixepoch('2025-01-01T00:00:00.000Z')),
  ('inf:de:verb:sollen:d4809c2d:a7559fc47b', 'de:verb:sollen:d4809c2d', 'hat gesollt', json('{"tense":"perfect","auxiliary":"haben"}'), NULL, NULL, '91aaacb85db2537e', unixepoch('2025-01-01T00:00:00.000Z'), unixepoch('2025-01-01T00:00:00.000Z')),
  ('inf:de:verb:sollen:d4809c2d:af8a1de7df', 'de:verb:sollen:d4809c2d', 'gesollt', json('{"tense":"participle","aspect":"perfect"}'), NULL, NULL, 'af71a96b7ac55bf7', unixepoch('2025-01-01T00:00:00.000Z'), unixepoch('2025-01-01T00:00:00.000Z')),
  ('inf:de:verb:sollen:d4809c2d:c133dcc4be', 'de:verb:sollen:d4809c2d', 'sollte', json('{"tense":"past","mood":"indicative","person":3,"number":"singular"}'), NULL, NULL, 'fe2b420ed96758a9', unixepoch('2025-01-01T00:00:00.000Z'), unixepoch('2025-01-01T00:00:00.000Z')),
  ('inf:de:verb:spielen:71cf6aa9:5b69d317de', 'de:verb:spielen:71cf6aa9', 'gespielt', json('{"tense":"participle","aspect":"perfect"}'), NULL, NULL, '1c28c1faa70884af', unixepoch('2025-01-01T00:00:00.000Z'), unixepoch('2025-01-01T00:00:00.000Z')),
  ('inf:de:verb:spielen:71cf6aa9:cb8bcc6b7f', 'de:verb:spielen:71cf6aa9', 'spielen', json('{"tense":"infinitive","mood":"indicative"}'), NULL, NULL, '8ecb35d22ea1d423', unixepoch('2025-01-01T00:00:00.000Z'), unixepoch('2025-01-01T00:00:00.000Z')),
  ('inf:de:verb:spielen:71cf6aa9:e29f077758', 'de:verb:spielen:71cf6aa9', 'hat gespielt', json('{"tense":"perfect","auxiliary":"haben"}'), NULL, NULL, '081518bc075f31a6', unixepoch('2025-01-01T00:00:00.000Z'), unixepoch('2025-01-01T00:00:00.000Z')),
  ('inf:de:verb:spielen:71cf6aa9:ee1dc5b45c', 'de:verb:spielen:71cf6aa9', 'spielte', json('{"tense":"past","mood":"indicative","person":3,"number":"singular"}'), NULL, NULL, '4c6bc213343ac3a5', unixepoch('2025-01-01T00:00:00.000Z'), unixepoch('2025-01-01T00:00:00.000Z')),
  ('inf:de:verb:sprechen:1c525275:01da05045c', 'de:verb:sprechen:1c525275', 'hat gesprochen', json('{"tense":"perfect","auxiliary":"haben"}'), NULL, NULL, '53dc81d35de5899a', unixepoch('2025-01-01T00:00:00.000Z'), unixepoch('2025-01-01T00:00:00.000Z')),
  ('inf:de:verb:sprechen:1c525275:044c65e597', 'de:verb:sprechen:1c525275', 'gesprochen', json('{"tense":"participle","aspect":"perfect"}'), NULL, NULL, '1938ba3ee57819ee', unixepoch('2025-01-01T00:00:00.000Z'), unixepoch('2025-01-01T00:00:00.000Z')),
  ('inf:de:verb:sprechen:1c525275:364bb030c1', 'de:verb:sprechen:1c525275', 'spricht', json('{"tense":"present","mood":"indicative","person":3,"number":"singular"}'), NULL, NULL, '9322f5f5864c6436', unixepoch('2025-01-01T00:00:00.000Z'), unixepoch('2025-01-01T00:00:00.000Z')),
  ('inf:de:verb:sprechen:1c525275:72905e002e', 'de:verb:sprechen:1c525275', 'spreche', json('{"tense":"present","mood":"indicative","person":1,"number":"singular"}'), NULL, NULL, '59b5244d77974748', unixepoch('2025-01-01T00:00:00.000Z'), unixepoch('2025-01-01T00:00:00.000Z')),
  ('inf:de:verb:sprechen:1c525275:a94d4cda31', 'de:verb:sprechen:1c525275', 'sprechen', json('{"tense":"infinitive","mood":"indicative"}'), NULL, NULL, '842adcfe2a054b07', unixepoch('2025-01-01T00:00:00.000Z'), unixepoch('2025-01-01T00:00:00.000Z')),
  ('inf:de:verb:sprechen:1c525275:f7ce01d9b1', 'de:verb:sprechen:1c525275', 'sprach', json('{"tense":"past","mood":"indicative","person":3,"number":"singular"}'), NULL, NULL, 'a62ee12f9e0fff8d', unixepoch('2025-01-01T00:00:00.000Z'), unixepoch('2025-01-01T00:00:00.000Z')),
  ('inf:de:verb:suggerieren:3dbc0640:59e934a137', 'de:verb:suggerieren:3dbc0640', 'suggeriert', json('{"tense":"participle","aspect":"perfect"}'), NULL, NULL, '03fd655482678e9d', unixepoch('2025-01-01T00:00:00.000Z'), unixepoch('2025-01-01T00:00:00.000Z')),
  ('inf:de:verb:suggerieren:3dbc0640:6db66e2f93', 'de:verb:suggerieren:3dbc0640', 'suggerieren', json('{"tense":"infinitive","mood":"indicative"}'), NULL, NULL, '32e13cd2dadb295e', unixepoch('2025-01-01T00:00:00.000Z'), unixepoch('2025-01-01T00:00:00.000Z')),
  ('inf:de:verb:suggerieren:3dbc0640:9185baac4e', 'de:verb:suggerieren:3dbc0640', 'hat suggeriert', json('{"tense":"perfect","auxiliary":"haben"}'), NULL, NULL, 'b75c5de4269063e6', unixepoch('2025-01-01T00:00:00.000Z'), unixepoch('2025-01-01T00:00:00.000Z')),
  ('inf:de:verb:suggerieren:3dbc0640:efa5acefba', 'de:verb:suggerieren:3dbc0640', 'suggerierte', json('{"tense":"past","mood":"indicative","person":3,"number":"singular"}'), NULL, NULL, '1ab7f9671e000348', unixepoch('2025-01-01T00:00:00.000Z'), unixepoch('2025-01-01T00:00:00.000Z')),
  ('inf:de:verb:tanzen:2154a418:164d005e12', 'de:verb:tanzen:2154a418', 'getanzt', json('{"tense":"participle","aspect":"perfect"}'), NULL, NULL, 'f64c9c56b0e3ab26', unixepoch('2025-01-01T00:00:00.000Z'), unixepoch('2025-01-01T00:00:00.000Z')),
  ('inf:de:verb:tanzen:2154a418:37f47e11d5', 'de:verb:tanzen:2154a418', 'tanzen', json('{"tense":"infinitive","mood":"indicative"}'), NULL, NULL, 'ba99df19b03adcdd', unixepoch('2025-01-01T00:00:00.000Z'), unixepoch('2025-01-01T00:00:00.000Z')),
  ('inf:de:verb:tanzen:2154a418:58400a0265', 'de:verb:tanzen:2154a418', 'tanzte', json('{"tense":"past","mood":"indicative","person":3,"number":"singular"}'), NULL, NULL, '1faed6741f262f04', unixepoch('2025-01-01T00:00:00.000Z'), unixepoch('2025-01-01T00:00:00.000Z')),
  ('inf:de:verb:tanzen:2154a418:9f9a37daed', 'de:verb:tanzen:2154a418', 'hat getanzt', json('{"tense":"perfect","auxiliary":"haben"}'), NULL, NULL, '320b6f2feeec1887', unixepoch('2025-01-01T00:00:00.000Z'), unixepoch('2025-01-01T00:00:00.000Z')),
  ('inf:de:verb:trinken:2db1376a:478ec1d088', 'de:verb:trinken:2db1376a', 'trinken', json('{"tense":"infinitive","mood":"indicative"}'), NULL, NULL, '1049db39275f3bfe', unixepoch('2025-01-01T00:00:00.000Z'), unixepoch('2025-01-01T00:00:00.000Z')),
  ('inf:de:verb:trinken:2db1376a:78c387d4e3', 'de:verb:trinken:2db1376a', 'trank', json('{"tense":"past","mood":"indicative","person":3,"number":"singular"}'), NULL, NULL, '34ca377506589eb5', unixepoch('2025-01-01T00:00:00.000Z'), unixepoch('2025-01-01T00:00:00.000Z')),
  ('inf:de:verb:trinken:2db1376a:d030b665ab', 'de:verb:trinken:2db1376a', 'getrunken', json('{"tense":"participle","aspect":"perfect"}'), NULL, NULL, 'dabfeb8ba72eacb8', unixepoch('2025-01-01T00:00:00.000Z'), unixepoch('2025-01-01T00:00:00.000Z')),
  ('inf:de:verb:trinken:2db1376a:f0b7f56b7e', 'de:verb:trinken:2db1376a', 'hat getrunken', json('{"tense":"perfect","auxiliary":"haben"}'), NULL, NULL, '06bca7d1b026fdde', unixepoch('2025-01-01T00:00:00.000Z'), unixepoch('2025-01-01T00:00:00.000Z')),
  ('inf:de:verb:ubertragen:f1a0f3ad:4a82d353fb', 'de:verb:ubertragen:f1a0f3ad', 'übertragen', json('{"tense":"infinitive","mood":"indicative"}'), NULL, NULL, 'da491ea8f2376236', unixepoch('2025-01-01T00:00:00.000Z'), unixepoch('2025-01-01T00:00:00.000Z')),
  ('inf:de:verb:ubertragen:f1a0f3ad:7b2489027c', 'de:verb:ubertragen:f1a0f3ad', 'übertrug', json('{"tense":"past","mood":"indicative","person":3,"number":"singular"}'), NULL, NULL, '9c1c46f248fb3088', unixepoch('2025-01-01T00:00:00.000Z'), unixepoch('2025-01-01T00:00:00.000Z')),
  ('inf:de:verb:ubertragen:f1a0f3ad:db4df4db49', 'de:verb:ubertragen:f1a0f3ad', 'hat übertragen', json('{"tense":"perfect","auxiliary":"haben"}'), NULL, NULL, '7346c8406f16e2b1', unixepoch('2025-01-01T00:00:00.000Z'), unixepoch('2025-01-01T00:00:00.000Z')),
  ('inf:de:verb:ubertragen:f1a0f3ad:f1c7bc6adc', 'de:verb:ubertragen:f1a0f3ad', 'übertragen', json('{"tense":"participle","aspect":"perfect"}'), NULL, NULL, '382142e296e8ea64', unixepoch('2025-01-01T00:00:00.000Z'), unixepoch('2025-01-01T00:00:00.000Z')),
  ('inf:de:verb:verbinden:ec6e57bb:2bb1c42abc', 'de:verb:verbinden:ec6e57bb', 'hat verbunden', json('{"tense":"perfect","auxiliary":"haben"}'), NULL, NULL, 'be92a174ec72b03b', unixepoch('2025-01-01T00:00:00.000Z'), unixepoch('2025-01-01T00:00:00.000Z')),
  ('inf:de:verb:verbinden:ec6e57bb:7f44debdea', 'de:verb:verbinden:ec6e57bb', 'verbunden', json('{"tense":"participle","aspect":"perfect"}'), NULL, NULL, '80bd31a7d709e1be', unixepoch('2025-01-01T00:00:00.000Z'), unixepoch('2025-01-01T00:00:00.000Z')),
  ('inf:de:verb:verbinden:ec6e57bb:d053032c91', 'de:verb:verbinden:ec6e57bb', 'verband', json('{"tense":"past","mood":"indicative","person":3,"number":"singular"}'), NULL, NULL, '3f2a6883200888ad', unixepoch('2025-01-01T00:00:00.000Z'), unixepoch('2025-01-01T00:00:00.000Z')),
  ('inf:de:verb:verbinden:ec6e57bb:ddd1655d54', 'de:verb:verbinden:ec6e57bb', 'verbinden', json('{"tense":"infinitive","mood":"indicative"}'), NULL, NULL, '12e01eccf0f2385f', unixepoch('2025-01-01T00:00:00.000Z'), unixepoch('2025-01-01T00:00:00.000Z')),
  ('inf:de:verb:werden:c8b02b87:71777330bc', 'de:verb:werden:c8b02b87', 'ist geworden', json('{"tense":"perfect","auxiliary":"sein"}'), NULL, NULL, '7c37cf1496532cd4', unixepoch('2025-01-01T00:00:00.000Z'), unixepoch('2025-01-01T00:00:00.000Z')),
  ('inf:de:verb:werden:c8b02b87:a3c5776aa7', 'de:verb:werden:c8b02b87', 'wurde', json('{"tense":"past","mood":"indicative","person":3,"number":"singular"}'), NULL, NULL, '389f79d23065a405', unixepoch('2025-01-01T00:00:00.000Z'), unixepoch('2025-01-01T00:00:00.000Z')),
  ('inf:de:verb:werden:c8b02b87:c59478cda9', 'de:verb:werden:c8b02b87', 'geworden', json('{"tense":"participle","aspect":"perfect"}'), NULL, NULL, '3d879ce19e927929', unixepoch('2025-01-01T00:00:00.000Z'), unixepoch('2025-01-01T00:00:00.000Z')),
  ('inf:de:verb:werden:c8b02b87:f46138d953', 'de:verb:werden:c8b02b87', 'werden', json('{"tense":"infinitive","mood":"indicative"}'), NULL, NULL, '9fd75e2835ec88b3', unixepoch('2025-01-01T00:00:00.000Z'), unixepoch('2025-01-01T00:00:00.000Z')),
  ('inf:de:verb:wohnen:c1f88595:7a69e00a1f', 'de:verb:wohnen:c1f88595', 'hat gewohnt', json('{"tense":"perfect","auxiliary":"haben"}'), NULL, NULL, '9f5e0b85fb5eb5fc', unixepoch('2025-01-01T00:00:00.000Z'), unixepoch('2025-01-01T00:00:00.000Z')),
  ('inf:de:verb:wohnen:c1f88595:8dd6b757ad', 'de:verb:wohnen:c1f88595', 'wohnte', json('{"tense":"past","mood":"indicative","person":3,"number":"singular"}'), NULL, NULL, 'df9eb3059312c08e', unixepoch('2025-01-01T00:00:00.000Z'), unixepoch('2025-01-01T00:00:00.000Z')),
  ('inf:de:verb:wohnen:c1f88595:b490290415', 'de:verb:wohnen:c1f88595', 'gewohnt', json('{"tense":"participle","aspect":"perfect"}'), NULL, NULL, 'c9a572bd1725990d', unixepoch('2025-01-01T00:00:00.000Z'), unixepoch('2025-01-01T00:00:00.000Z')),
  ('inf:de:verb:wohnen:c1f88595:f6eeb0a4e4', 'de:verb:wohnen:c1f88595', 'wohnen', json('{"tense":"infinitive","mood":"indicative"}'), NULL, NULL, '137de53d96a22b93', unixepoch('2025-01-01T00:00:00.000Z'), unixepoch('2025-01-01T00:00:00.000Z')),
  ('inf:de:verb:wollen:97a9e5f9:46951b04cd', 'de:verb:wollen:97a9e5f9', 'hat gewollt', json('{"tense":"perfect","auxiliary":"haben"}'), NULL, NULL, 'c792d57653eea5f8', unixepoch('2025-01-01T00:00:00.000Z'), unixepoch('2025-01-01T00:00:00.000Z')),
  ('inf:de:verb:wollen:97a9e5f9:4c192d2a2b', 'de:verb:wollen:97a9e5f9', 'will', json('{"tense":"present","mood":"indicative","person":1,"number":"singular"}'), NULL, NULL, '3055be51a87e98e5', unixepoch('2025-01-01T00:00:00.000Z'), unixepoch('2025-01-01T00:00:00.000Z')),
  ('inf:de:verb:wollen:97a9e5f9:8a921fd68a', 'de:verb:wollen:97a9e5f9', 'gewollt', json('{"tense":"participle","aspect":"perfect"}'), NULL, NULL, '33eeadbca9556f8a', unixepoch('2025-01-01T00:00:00.000Z'), unixepoch('2025-01-01T00:00:00.000Z')),
  ('inf:de:verb:wollen:97a9e5f9:946d7dbad1', 'de:verb:wollen:97a9e5f9', 'wollte', json('{"tense":"past","mood":"indicative","person":3,"number":"singular"}'), NULL, NULL, 'dec5158a607b06f6', unixepoch('2025-01-01T00:00:00.000Z'), unixepoch('2025-01-01T00:00:00.000Z')),
  ('inf:de:verb:wollen:97a9e5f9:95587278b9', 'de:verb:wollen:97a9e5f9', 'wollen', json('{"tense":"infinitive","mood":"indicative"}'), NULL, NULL, 'cccca09be72bf7ba', unixepoch('2025-01-01T00:00:00.000Z'), unixepoch('2025-01-01T00:00:00.000Z')),
  ('inf:de:verb:wollen:97a9e5f9:f1fad8eced', 'de:verb:wollen:97a9e5f9', 'will', json('{"tense":"present","mood":"indicative","person":3,"number":"singular"}'), NULL, NULL, '55ee2553b3fb0bb8', unixepoch('2025-01-01T00:00:00.000Z'), unixepoch('2025-01-01T00:00:00.000Z'));

INSERT INTO task_specs (id, lexeme_id, pos, task_type, renderer, prompt, solution, hints, metadata, revision, source_pack, created_at, updated_at) VALUES
  ('task:de:adjective:freundlich:6998fa1a:adj_ending:1:ed7a3665', 'de:adjective:freundlich:6998fa1a', 'adjective', 'adj_ending', 'adj_ending', json('{"lemma":"freundlich","pos":"adjective","degree":"comparative","cefrLevel":"A2","instructions":"Bilde den Komparativ von \"freundlich\".","example":{"de":"Eine freundliche Person.","en":"A friendly person."},"syntacticFrame":"Der ____ Wagen ist schneller."}'), json('{"form":"freundlicher"}'), json('[{"type":"example_de","value":"Eine freundliche Person."},{"type":"example_en","value":"A friendly person."}]'), NULL, 1, 'adjectives-foundation', unixepoch('2025-01-01T00:00:00.000Z'), unixepoch('2025-01-01T00:00:00.000Z')),
  ('task:de:adjective:schnell:5f78762a:adj_ending:1:f5b4dc1e', 'de:adjective:schnell:5f78762a', 'adjective', 'adj_ending', 'adj_ending', json('{"lemma":"schnell","pos":"adjective","degree":"comparative","cefrLevel":"A1","instructions":"Bilde den Komparativ von \"schnell\".","example":{"de":"Ein schneller Zug.","en":"A fast train."},"syntacticFrame":"Der ____ Wagen ist schneller."}'), json('{"form":"schneller"}'), json('[{"type":"example_de","value":"Ein schneller Zug."},{"type":"example_en","value":"A fast train."}]'), NULL, 1, 'adjectives-foundation', unixepoch('2025-01-01T00:00:00.000Z'), unixepoch('2025-01-01T00:00:00.000Z')),
  ('task:de:noun:apfel:9265acb7:noun_case_declension:1:0819e9bc', 'de:noun:apfel:9265acb7', 'noun', 'noun_case_declension', 'noun_case_declension', json('{"lemma":"Apfel","pos":"noun","gender":"der","requestedCase":"accusative","requestedNumber":"plural","cefrLevel":"A1","instructions":"Bilde die Akkusativ Plural-Form von \"Apfel\"."}'), json('{"form":"Äpfel"}'), NULL, json('{"article":"der"}'), 1, 'nouns-foundation', unixepoch('2025-01-01T00:00:00.000Z'), unixepoch('2025-01-01T00:00:00.000Z')),
  ('task:de:noun:flughafen:7bcec107:noun_case_declension:1:873c6fb3', 'de:noun:flughafen:7bcec107', 'noun', 'noun_case_declension', 'noun_case_declension', json('{"lemma":"Flughafen","pos":"noun","gender":"der","requestedCase":"accusative","requestedNumber":"plural","cefrLevel":"A1","instructions":"Bilde die Akkusativ Plural-Form von \"Flughafen\"."}'), json('{"form":"Flughäfen"}'), NULL, json('{"article":"der"}'), 1, 'nouns-foundation', unixepoch('2025-01-01T00:00:00.000Z'), unixepoch('2025-01-01T00:00:00.000Z')),
  ('task:de:noun:frau:48e5edb0:noun_case_declension:1:77a280ed', 'de:noun:frau:48e5edb0', 'noun', 'noun_case_declension', 'noun_case_declension', json('{"lemma":"Frau","pos":"noun","gender":"die","requestedCase":"accusative","requestedNumber":"plural","cefrLevel":"A1","instructions":"Bilde die Akkusativ Plural-Form von \"Frau\"."}'), json('{"form":"Frauen"}'), NULL, json('{"article":"die"}'), 1, 'nouns-foundation', unixepoch('2025-01-01T00:00:00.000Z'), unixepoch('2025-01-01T00:00:00.000Z')),
  ('task:de:noun:haus:5be69b76:noun_case_declension:1:8ba23b1a', 'de:noun:haus:5be69b76', 'noun', 'noun_case_declension', 'noun_case_declension', json('{"lemma":"Haus","pos":"noun","gender":"das","requestedCase":"accusative","requestedNumber":"plural","cefrLevel":"A1","instructions":"Bilde die Akkusativ Plural-Form von \"Haus\".","example":{"de":"Das Haus ist groß.","en":"The house is big."}}'), json('{"form":"Häuser"}'), json('[{"type":"example_de","value":"Das Haus ist groß."},{"type":"example_en","value":"The house is big."}]'), json('{"article":"das"}'), 1, 'nouns-foundation', unixepoch('2025-01-01T00:00:00.000Z'), unixepoch('2025-01-01T00:00:00.000Z')),
  ('task:de:noun:regierung:3bf1d9a1:noun_case_declension:1:b37b1deb', 'de:noun:regierung:3bf1d9a1', 'noun', 'noun_case_declension', 'noun_case_declension', json('{"lemma":"Regierung","pos":"noun","gender":"die","requestedCase":"accusative","requestedNumber":"plural","cefrLevel":"A2","instructions":"Bilde die Akkusativ Plural-Form von \"Regierung\"."}'), json('{"form":"Regierungen"}'), NULL, json('{"article":"die"}'), 1, 'nouns-foundation', unixepoch('2025-01-01T00:00:00.000Z'), unixepoch('2025-01-01T00:00:00.000Z')),
  ('task:de:verb:arbeiten:905fa38d:conjugate_form:1:bd580ed8', 'de:verb:arbeiten:905fa38d', 'verb', 'conjugate_form', 'conjugate_form', json('{"lemma":"arbeiten","pos":"verb","requestedForm":{"tense":"past","mood":"indicative","person":3,"number":"singular"},"cefrLevel":"A1","instructions":"Konjugiere \"arbeiten\" in der Präteritumform (er/sie/es).","example":{"de":"Sie arbeitete in einer Bank.","en":"Er hat als Koch gearbeitet."}}'), json('{"form":"arbeitete"}'), json('[{"type":"example_de","value":"Sie arbeitete in einer Bank."},{"type":"example_en","value":"Er hat als Koch gearbeitet."},{"type":"auxiliary","value":"haben"}]'), json('{"aux":"haben"}'), 1, 'verbs-foundation', unixepoch('2025-01-01T00:00:00.000Z'), unixepoch('2025-01-01T00:00:00.000Z')),
  ('task:de:verb:arbeiten:905fa38d:conjugate_form:2:12220cac', 'de:verb:arbeiten:905fa38d', 'verb', 'conjugate_form', 'conjugate_form', json('{"lemma":"arbeiten","pos":"verb","requestedForm":{"tense":"participle","mood":"indicative","voice":"active"},"cefrLevel":"A1","instructions":"Gib das Partizip II von \"arbeiten\" an.","example":{"de":"Sie arbeitete in einer Bank.","en":"Er hat als Koch gearbeitet."}}'), json('{"form":"gearbeitet"}'), json('[{"type":"example_de","value":"Sie arbeitete in einer Bank."},{"type":"example_en","value":"Er hat als Koch gearbeitet."},{"type":"auxiliary","value":"haben"}]'), json('{"aux":"haben"}'), 2, 'verbs-foundation', unixepoch('2025-01-01T00:00:00.000Z'), unixepoch('2025-01-01T00:00:00.000Z')),
  ('task:de:verb:beinhalten:fe6f16ea:conjugate_form:1:1d09ab7a', 'de:verb:beinhalten:fe6f16ea', 'verb', 'conjugate_form', 'conjugate_form', json('{"lemma":"beinhalten","pos":"verb","requestedForm":{"tense":"past","mood":"indicative","person":3,"number":"singular"},"cefrLevel":"C1","instructions":"Konjugiere \"beinhalten\" in der Präteritumform (er/sie/es).","example":{"de":"Der Vertrag beinhaltete wichtige Klauseln.","en":"Das Angebot hat viele Vorteile beinhaltet."}}'), json('{"form":"beinhaltete"}'), json('[{"type":"example_de","value":"Der Vertrag beinhaltete wichtige Klauseln."},{"type":"example_en","value":"Das Angebot hat viele Vorteile beinhaltet."},{"type":"auxiliary","value":"haben"}]'), json('{"aux":"haben"}'), 1, 'verbs-foundation', unixepoch('2025-01-01T00:00:00.000Z'), unixepoch('2025-01-01T00:00:00.000Z')),
  ('task:de:verb:beinhalten:fe6f16ea:conjugate_form:2:34e5b22a', 'de:verb:beinhalten:fe6f16ea', 'verb', 'conjugate_form', 'conjugate_form', json('{"lemma":"beinhalten","pos":"verb","requestedForm":{"tense":"participle","mood":"indicative","voice":"active"},"cefrLevel":"C1","instructions":"Gib das Partizip II von \"beinhalten\" an.","example":{"de":"Der Vertrag beinhaltete wichtige Klauseln.","en":"Das Angebot hat viele Vorteile beinhaltet."}}'), json('{"form":"beinhaltet"}'), json('[{"type":"example_de","value":"Der Vertrag beinhaltete wichtige Klauseln."},{"type":"example_en","value":"Das Angebot hat viele Vorteile beinhaltet."},{"type":"auxiliary","value":"haben"}]'), json('{"aux":"haben"}'), 2, 'verbs-foundation', unixepoch('2025-01-01T00:00:00.000Z'), unixepoch('2025-01-01T00:00:00.000Z')),
  ('task:de:verb:beschlieen:b68aaef9:conjugate_form:1:cf691764', 'de:verb:beschlieen:b68aaef9', 'verb', 'conjugate_form', 'conjugate_form', json('{"lemma":"beschließen","pos":"verb","requestedForm":{"tense":"past","mood":"indicative","person":3,"number":"singular"},"cefrLevel":"B1","instructions":"Konjugiere \"beschließen\" in der Präteritumform (er/sie/es).","example":{"de":"Das Komitee beschloss die Änderungen.","en":"Sie haben eine neue Strategie beschlossen."}}'), json('{"form":"beschloss"}'), json('[{"type":"example_de","value":"Das Komitee beschloss die Änderungen."},{"type":"example_en","value":"Sie haben eine neue Strategie beschlossen."},{"type":"auxiliary","value":"haben"}]'), json('{"aux":"haben"}'), 1, 'verbs-foundation', unixepoch('2025-01-01T00:00:00.000Z'), unixepoch('2025-01-01T00:00:00.000Z')),
  ('task:de:verb:beschlieen:b68aaef9:conjugate_form:2:fbe233a8', 'de:verb:beschlieen:b68aaef9', 'verb', 'conjugate_form', 'conjugate_form', json('{"lemma":"beschließen","pos":"verb","requestedForm":{"tense":"participle","mood":"indicative","voice":"active"},"cefrLevel":"B1","instructions":"Gib das Partizip II von \"beschließen\" an.","example":{"de":"Das Komitee beschloss die Änderungen.","en":"Sie haben eine neue Strategie beschlossen."}}'), json('{"form":"beschlossen"}'), json('[{"type":"example_de","value":"Das Komitee beschloss die Änderungen."},{"type":"example_en","value":"Sie haben eine neue Strategie beschlossen."},{"type":"auxiliary","value":"haben"}]'), json('{"aux":"haben"}'), 2, 'verbs-foundation', unixepoch('2025-01-01T00:00:00.000Z'), unixepoch('2025-01-01T00:00:00.000Z')),
  ('task:de:verb:bewerten:8ba3cd51:conjugate_form:1:40a4b311', 'de:verb:bewerten:8ba3cd51', 'verb', 'conjugate_form', 'conjugate_form', json('{"lemma":"bewerten","pos":"verb","requestedForm":{"tense":"past","mood":"indicative","person":3,"number":"singular"},"cefrLevel":"B2","instructions":"Konjugiere \"bewerten\" in der Präteritumform (er/sie/es).","example":{"de":"Der Professor bewertete die Arbeiten.","en":"Die Jury hat die Leistungen bewertet."}}'), json('{"form":"bewertete"}'), json('[{"type":"example_de","value":"Der Professor bewertete die Arbeiten."},{"type":"example_en","value":"Die Jury hat die Leistungen bewertet."},{"type":"auxiliary","value":"haben"}]'), json('{"aux":"haben"}'), 1, 'verbs-foundation', unixepoch('2025-01-01T00:00:00.000Z'), unixepoch('2025-01-01T00:00:00.000Z')),
  ('task:de:verb:bewerten:8ba3cd51:conjugate_form:2:7c9079d8', 'de:verb:bewerten:8ba3cd51', 'verb', 'conjugate_form', 'conjugate_form', json('{"lemma":"bewerten","pos":"verb","requestedForm":{"tense":"participle","mood":"indicative","voice":"active"},"cefrLevel":"B2","instructions":"Gib das Partizip II von \"bewerten\" an.","example":{"de":"Der Professor bewertete die Arbeiten.","en":"Die Jury hat die Leistungen bewertet."}}'), json('{"form":"bewertet"}'), json('[{"type":"example_de","value":"Der Professor bewertete die Arbeiten."},{"type":"example_en","value":"Die Jury hat die Leistungen bewertet."},{"type":"auxiliary","value":"haben"}]'), json('{"aux":"haben"}'), 2, 'verbs-foundation', unixepoch('2025-01-01T00:00:00.000Z'), unixepoch('2025-01-01T00:00:00.000Z')),
  ('task:de:verb:differenzieren:dfd84879:conjugate_form:1:3bbdbe9c', 'de:verb:differenzieren:dfd84879', 'verb', 'conjugate_form', 'conjugate_form', json('{"lemma":"differenzieren","pos":"verb","requestedForm":{"tense":"past","mood":"indicative","person":3,"number":"singular"},"cefrLevel":"C2","instructions":"Konjugiere \"differenzieren\" in der Präteritumform (er/sie/es).","example":{"de":"Der Experte differenzierte zwischen den Konzepten.","en":"Sie hat genau zwischen den Optionen differenziert."}}'), json('{"form":"differenzierte"}'), json('[{"type":"example_de","value":"Der Experte differenzierte zwischen den Konzepten."},{"type":"example_en","value":"Sie hat genau zwischen den Optionen differenziert."},{"type":"auxiliary","value":"haben"}]'), json('{"aux":"haben"}'), 1, 'verbs-foundation', unixepoch('2025-01-01T00:00:00.000Z'), unixepoch('2025-01-01T00:00:00.000Z')),
  ('task:de:verb:differenzieren:dfd84879:conjugate_form:2:f24ad9fb', 'de:verb:differenzieren:dfd84879', 'verb', 'conjugate_form', 'conjugate_form', json('{"lemma":"differenzieren","pos":"verb","requestedForm":{"tense":"participle","mood":"indicative","voice":"active"},"cefrLevel":"C2","instructions":"Gib das Partizip II von \"differenzieren\" an.","example":{"de":"Der Experte differenzierte zwischen den Konzepten.","en":"Sie hat genau zwischen den Optionen differenziert."}}'), json('{"form":"differenziert"}'), json('[{"type":"example_de","value":"Der Experte differenzierte zwischen den Konzepten."},{"type":"example_en","value":"Sie hat genau zwischen den Optionen differenziert."},{"type":"auxiliary","value":"haben"}]'), json('{"aux":"haben"}'), 2, 'verbs-foundation', unixepoch('2025-01-01T00:00:00.000Z'), unixepoch('2025-01-01T00:00:00.000Z')),
  ('task:de:verb:durchfuhren:d7dd8386:conjugate_form:1:2c58a283', 'de:verb:durchfuhren:d7dd8386', 'verb', 'conjugate_form', 'conjugate_form', json('{"lemma":"durchführen","pos":"verb","requestedForm":{"tense":"past","mood":"indicative","person":3,"number":"singular"},"cefrLevel":"B2","instructions":"Konjugiere \"durchführen\" in der Präteritumform (er/sie/es).","example":{"de":"Das Team führte das Experiment durch.","en":"Sie haben eine Studie durchgeführt."}}'), json('{"form":"führte durch"}'), json('[{"type":"example_de","value":"Das Team führte das Experiment durch."},{"type":"example_en","value":"Sie haben eine Studie durchgeführt."},{"type":"auxiliary","value":"haben"}]'), json('{"aux":"haben"}'), 1, 'verbs-foundation', unixepoch('2025-01-01T00:00:00.000Z'), unixepoch('2025-01-01T00:00:00.000Z')),
  ('task:de:verb:durchfuhren:d7dd8386:conjugate_form:2:ff7af9ab', 'de:verb:durchfuhren:d7dd8386', 'verb', 'conjugate_form', 'conjugate_form', json('{"lemma":"durchführen","pos":"verb","requestedForm":{"tense":"participle","mood":"indicative","voice":"active"},"cefrLevel":"B2","instructions":"Gib das Partizip II von \"durchführen\" an.","example":{"de":"Das Team führte das Experiment durch.","en":"Sie haben eine Studie durchgeführt."}}'), json('{"form":"durchgeführt"}'), json('[{"type":"example_de","value":"Das Team führte das Experiment durch."},{"type":"example_en","value":"Sie haben eine Studie durchgeführt."},{"type":"auxiliary","value":"haben"}]'), json('{"aux":"haben"}'), 2, 'verbs-foundation', unixepoch('2025-01-01T00:00:00.000Z'), unixepoch('2025-01-01T00:00:00.000Z')),
  ('task:de:verb:entsprechen:57d109b8:conjugate_form:1:995bbdc4', 'de:verb:entsprechen:57d109b8', 'verb', 'conjugate_form', 'conjugate_form', json('{"lemma":"entsprechen","pos":"verb","requestedForm":{"tense":"past","mood":"indicative","person":3,"number":"singular"},"cefrLevel":"C1","instructions":"Konjugiere \"entsprechen\" in der Präteritumform (er/sie/es).","example":{"de":"Das Ergebnis entsprach den Erwartungen.","en":"Die Leistung hat den Anforderungen entsprochen."}}'), json('{"form":"entsprach"}'), json('[{"type":"example_de","value":"Das Ergebnis entsprach den Erwartungen."},{"type":"example_en","value":"Die Leistung hat den Anforderungen entsprochen."},{"type":"auxiliary","value":"haben"}]'), json('{"aux":"haben"}'), 1, 'verbs-foundation', unixepoch('2025-01-01T00:00:00.000Z'), unixepoch('2025-01-01T00:00:00.000Z')),
  ('task:de:verb:entsprechen:57d109b8:conjugate_form:2:d249263c', 'de:verb:entsprechen:57d109b8', 'verb', 'conjugate_form', 'conjugate_form', json('{"lemma":"entsprechen","pos":"verb","requestedForm":{"tense":"participle","mood":"indicative","voice":"active"},"cefrLevel":"C1","instructions":"Gib das Partizip II von \"entsprechen\" an.","example":{"de":"Das Ergebnis entsprach den Erwartungen.","en":"Die Leistung hat den Anforderungen entsprochen."}}'), json('{"form":"entsprochen"}'), json('[{"type":"example_de","value":"Das Ergebnis entsprach den Erwartungen."},{"type":"example_en","value":"Die Leistung hat den Anforderungen entsprochen."},{"type":"auxiliary","value":"haben"}]'), json('{"aux":"haben"}'), 2, 'verbs-foundation', unixepoch('2025-01-01T00:00:00.000Z'), unixepoch('2025-01-01T00:00:00.000Z')),
  ('task:de:verb:entstehen:1f1ff688:conjugate_form:1:6ca90e42', 'de:verb:entstehen:1f1ff688', 'verb', 'conjugate_form', 'conjugate_form', json('{"lemma":"entstehen","pos":"verb","requestedForm":{"tense":"past","mood":"indicative","person":3,"number":"singular"},"cefrLevel":"B1","instructions":"Konjugiere \"entstehen\" in der Präteritumform (er/sie/es).","example":{"de":"Daraus entstand eine neue Idee.","en":"Das Problem ist plötzlich entstanden."}}'), json('{"form":"entstand"}'), json('[{"type":"example_de","value":"Daraus entstand eine neue Idee."},{"type":"example_en","value":"Das Problem ist plötzlich entstanden."},{"type":"auxiliary","value":"sein"}]'), json('{"aux":"sein"}'), 1, 'verbs-foundation', unixepoch('2025-01-01T00:00:00.000Z'), unixepoch('2025-01-01T00:00:00.000Z')),
  ('task:de:verb:entstehen:1f1ff688:conjugate_form:2:884f876e', 'de:verb:entstehen:1f1ff688', 'verb', 'conjugate_form', 'conjugate_form', json('{"lemma":"entstehen","pos":"verb","requestedForm":{"tense":"participle","mood":"indicative","voice":"active"},"cefrLevel":"B1","instructions":"Gib das Partizip II von \"entstehen\" an.","example":{"de":"Daraus entstand eine neue Idee.","en":"Das Problem ist plötzlich entstanden."}}'), json('{"form":"entstanden"}'), json('[{"type":"example_de","value":"Daraus entstand eine neue Idee."},{"type":"example_en","value":"Das Problem ist plötzlich entstanden."},{"type":"auxiliary","value":"sein"}]'), json('{"aux":"sein"}'), 2, 'verbs-foundation', unixepoch('2025-01-01T00:00:00.000Z'), unixepoch('2025-01-01T00:00:00.000Z')),
  ('task:de:verb:erortern:09d9db06:conjugate_form:1:72542330', 'de:verb:erortern:09d9db06', 'verb', 'conjugate_form', 'conjugate_form', json('{"lemma":"erörtern","pos":"verb","requestedForm":{"tense":"past","mood":"indicative","person":3,"number":"singular"},"cefrLevel":"C1","instructions":"Konjugiere \"erörtern\" in der Präteritumform (er/sie/es).","example":{"de":"Das Gremium erörterte die Vorschläge.","en":"Die Experten haben die Problematik erörtert."}}'), json('{"form":"erörterte"}'), json('[{"type":"example_de","value":"Das Gremium erörterte die Vorschläge."},{"type":"example_en","value":"Die Experten haben die Problematik erörtert."},{"type":"auxiliary","value":"haben"}]'), json('{"aux":"haben"}'), 1, 'verbs-foundation', unixepoch('2025-01-01T00:00:00.000Z'), unixepoch('2025-01-01T00:00:00.000Z')),
  ('task:de:verb:erortern:09d9db06:conjugate_form:2:f658bbb6', 'de:verb:erortern:09d9db06', 'verb', 'conjugate_form', 'conjugate_form', json('{"lemma":"erörtern","pos":"verb","requestedForm":{"tense":"participle","mood":"indicative","voice":"active"},"cefrLevel":"C1","instructions":"Gib das Partizip II von \"erörtern\" an.","example":{"de":"Das Gremium erörterte die Vorschläge.","en":"Die Experten haben die Problematik erörtert."}}'), json('{"form":"erörtert"}'), json('[{"type":"example_de","value":"Das Gremium erörterte die Vorschläge."},{"type":"example_en","value":"Die Experten haben die Problematik erörtert."},{"type":"auxiliary","value":"haben"}]'), json('{"aux":"haben"}'), 2, 'verbs-foundation', unixepoch('2025-01-01T00:00:00.000Z'), unixepoch('2025-01-01T00:00:00.000Z')),
  ('task:de:verb:erreichen:94cfa315:conjugate_form:1:3cd5b367', 'de:verb:erreichen:94cfa315', 'verb', 'conjugate_form', 'conjugate_form', json('{"lemma":"erreichen","pos":"verb","requestedForm":{"tense":"past","mood":"indicative","person":3,"number":"singular"},"cefrLevel":"A2","instructions":"Konjugiere \"erreichen\" in der Präteritumform (er/sie/es).","example":{"de":"Sie erreichte ihr Ziel.","en":"Er hat den Gipfel erreicht."}}'), json('{"form":"erreichte"}'), json('[{"type":"example_de","value":"Sie erreichte ihr Ziel."},{"type":"example_en","value":"Er hat den Gipfel erreicht."},{"type":"auxiliary","value":"haben"}]'), json('{"aux":"haben"}'), 1, 'verbs-foundation', unixepoch('2025-01-01T00:00:00.000Z'), unixepoch('2025-01-01T00:00:00.000Z')),
  ('task:de:verb:erreichen:94cfa315:conjugate_form:2:f5e281c5', 'de:verb:erreichen:94cfa315', 'verb', 'conjugate_form', 'conjugate_form', json('{"lemma":"erreichen","pos":"verb","requestedForm":{"tense":"participle","mood":"indicative","voice":"active"},"cefrLevel":"A2","instructions":"Gib das Partizip II von \"erreichen\" an.","example":{"de":"Sie erreichte ihr Ziel.","en":"Er hat den Gipfel erreicht."}}'), json('{"form":"erreicht"}'), json('[{"type":"example_de","value":"Sie erreichte ihr Ziel."},{"type":"example_en","value":"Er hat den Gipfel erreicht."},{"type":"auxiliary","value":"haben"}]'), json('{"aux":"haben"}'), 2, 'verbs-foundation', unixepoch('2025-01-01T00:00:00.000Z'), unixepoch('2025-01-01T00:00:00.000Z')),
  ('task:de:verb:essen:9062b395:conjugate_form:1:71a6436f', 'de:verb:essen:9062b395', 'verb', 'conjugate_form', 'conjugate_form', json('{"lemma":"essen","pos":"verb","requestedForm":{"tense":"past","mood":"indicative","person":3,"number":"singular"},"cefrLevel":"A1","instructions":"Konjugiere \"essen\" in der Präteritumform (er/sie/es).","example":{"de":"Er aß ein Sandwich.","en":"Wir haben zu Mittag gegessen."}}'), json('{"form":"aß"}'), json('[{"type":"example_de","value":"Er aß ein Sandwich."},{"type":"example_en","value":"Wir haben zu Mittag gegessen."},{"type":"auxiliary","value":"haben"}]'), json('{"aux":"haben"}'), 1, 'verbs-foundation', unixepoch('2025-01-01T00:00:00.000Z'), unixepoch('2025-01-01T00:00:00.000Z')),
  ('task:de:verb:essen:9062b395:conjugate_form:2:89c60b9f', 'de:verb:essen:9062b395', 'verb', 'conjugate_form', 'conjugate_form', json('{"lemma":"essen","pos":"verb","requestedForm":{"tense":"participle","mood":"indicative","voice":"active"},"cefrLevel":"A1","instructions":"Gib das Partizip II von \"essen\" an.","example":{"de":"Er aß ein Sandwich.","en":"Wir haben zu Mittag gegessen."}}'), json('{"form":"gegessen"}'), json('[{"type":"example_de","value":"Er aß ein Sandwich."},{"type":"example_en","value":"Wir haben zu Mittag gegessen."},{"type":"auxiliary","value":"haben"}]'), json('{"aux":"haben"}'), 2, 'verbs-foundation', unixepoch('2025-01-01T00:00:00.000Z'), unixepoch('2025-01-01T00:00:00.000Z')),
  ('task:de:verb:fahren:15cf3f6b:conjugate_form:1:bad98e13', 'de:verb:fahren:15cf3f6b', 'verb', 'conjugate_form', 'conjugate_form', json('{"lemma":"fahren","pos":"verb","requestedForm":{"tense":"past","mood":"indicative","person":3,"number":"singular"},"cefrLevel":"A1","instructions":"Konjugiere \"fahren\" in der Präteritumform (er/sie/es).","example":{"de":"Sie fuhr nach Berlin.","en":"Er ist Auto gefahren."}}'), json('{"form":"fuhr"}'), json('[{"type":"example_de","value":"Sie fuhr nach Berlin."},{"type":"example_en","value":"Er ist Auto gefahren."},{"type":"auxiliary","value":"sein"}]'), json('{"aux":"sein"}'), 1, 'verbs-foundation', unixepoch('2025-01-01T00:00:00.000Z'), unixepoch('2025-01-01T00:00:00.000Z')),
  ('task:de:verb:fahren:15cf3f6b:conjugate_form:2:89297dfc', 'de:verb:fahren:15cf3f6b', 'verb', 'conjugate_form', 'conjugate_form', json('{"lemma":"fahren","pos":"verb","requestedForm":{"tense":"participle","mood":"indicative","voice":"active"},"cefrLevel":"A1","instructions":"Gib das Partizip II von \"fahren\" an.","example":{"de":"Sie fuhr nach Berlin.","en":"Er ist Auto gefahren."}}'), json('{"form":"gefahren"}'), json('[{"type":"example_de","value":"Sie fuhr nach Berlin."},{"type":"example_en","value":"Er ist Auto gefahren."},{"type":"auxiliary","value":"sein"}]'), json('{"aux":"sein"}'), 2, 'verbs-foundation', unixepoch('2025-01-01T00:00:00.000Z'), unixepoch('2025-01-01T00:00:00.000Z')),
  ('task:de:verb:fliegen:75459563:conjugate_form:1:cc487f39', 'de:verb:fliegen:75459563', 'verb', 'conjugate_form', 'conjugate_form', json('{"lemma":"fliegen","pos":"verb","requestedForm":{"tense":"past","mood":"indicative","person":3,"number":"singular"},"cefrLevel":"A1","instructions":"Konjugiere \"fliegen\" in der Präteritumform (er/sie/es).","example":{"de":"Das Flugzeug flog nach Paris.","en":"Wir sind nach London geflogen."}}'), json('{"form":"flog"}'), json('[{"type":"example_de","value":"Das Flugzeug flog nach Paris."},{"type":"example_en","value":"Wir sind nach London geflogen."},{"type":"auxiliary","value":"sein"}]'), json('{"aux":"sein"}'), 1, 'verbs-foundation', unixepoch('2025-01-01T00:00:00.000Z'), unixepoch('2025-01-01T00:00:00.000Z')),
  ('task:de:verb:fliegen:75459563:conjugate_form:2:fb1db13b', 'de:verb:fliegen:75459563', 'verb', 'conjugate_form', 'conjugate_form', json('{"lemma":"fliegen","pos":"verb","requestedForm":{"tense":"participle","mood":"indicative","voice":"active"},"cefrLevel":"A1","instructions":"Gib das Partizip II von \"fliegen\" an.","example":{"de":"Das Flugzeug flog nach Paris.","en":"Wir sind nach London geflogen."}}'), json('{"form":"geflogen"}'), json('[{"type":"example_de","value":"Das Flugzeug flog nach Paris."},{"type":"example_en","value":"Wir sind nach London geflogen."},{"type":"auxiliary","value":"sein"}]'), json('{"aux":"sein"}'), 2, 'verbs-foundation', unixepoch('2025-01-01T00:00:00.000Z'), unixepoch('2025-01-01T00:00:00.000Z')),
  ('task:de:verb:gedeihen:8ff24825:conjugate_form:1:134320da', 'de:verb:gedeihen:8ff24825', 'verb', 'conjugate_form', 'conjugate_form', json('{"lemma":"gedeihen","pos":"verb","requestedForm":{"tense":"past","mood":"indicative","person":3,"number":"singular"},"cefrLevel":"C2","instructions":"Konjugiere \"gedeihen\" in der Präteritumform (er/sie/es).","example":{"de":"Das Unternehmen gedieh unter seiner Führung.","en":"Die Pflanzen sind prächtig gediehen."}}'), json('{"form":"gedieh"}'), json('[{"type":"example_de","value":"Das Unternehmen gedieh unter seiner Führung."},{"type":"example_en","value":"Die Pflanzen sind prächtig gediehen."},{"type":"auxiliary","value":"sein"}]'), json('{"aux":"sein"}'), 1, 'verbs-foundation', unixepoch('2025-01-01T00:00:00.000Z'), unixepoch('2025-01-01T00:00:00.000Z')),
  ('task:de:verb:gedeihen:8ff24825:conjugate_form:2:dd0bdf2b', 'de:verb:gedeihen:8ff24825', 'verb', 'conjugate_form', 'conjugate_form', json('{"lemma":"gedeihen","pos":"verb","requestedForm":{"tense":"participle","mood":"indicative","voice":"active"},"cefrLevel":"C2","instructions":"Gib das Partizip II von \"gedeihen\" an.","example":{"de":"Das Unternehmen gedieh unter seiner Führung.","en":"Die Pflanzen sind prächtig gediehen."}}'), json('{"form":"gediehen"}'), json('[{"type":"example_de","value":"Das Unternehmen gedieh unter seiner Führung."},{"type":"example_en","value":"Die Pflanzen sind prächtig gediehen."},{"type":"auxiliary","value":"sein"}]'), json('{"aux":"sein"}'), 2, 'verbs-foundation', unixepoch('2025-01-01T00:00:00.000Z'), unixepoch('2025-01-01T00:00:00.000Z')),
  ('task:de:verb:gehen:c7dab9ca:conjugate_form:1:acaba522', 'de:verb:gehen:c7dab9ca', 'verb', 'conjugate_form', 'conjugate_form', json('{"lemma":"gehen","pos":"verb","requestedForm":{"tense":"past","mood":"indicative","person":3,"number":"singular"},"cefrLevel":"A1","instructions":"Konjugiere \"gehen\" in der Präteritumform (er/sie/es).","example":{"de":"Er ging zur Schule.","en":"Wir sind nach Hause gegangen."}}'), json('{"form":"ging"}'), json('[{"type":"example_de","value":"Er ging zur Schule."},{"type":"example_en","value":"Wir sind nach Hause gegangen."},{"type":"auxiliary","value":"sein"}]'), json('{"aux":"sein","separable":false}'), 1, 'verbs-foundation', unixepoch('2025-01-01T00:00:00.000Z'), unixepoch('2025-01-01T00:00:00.000Z')),
  ('task:de:verb:gehen:c7dab9ca:conjugate_form:2:974a1ce6', 'de:verb:gehen:c7dab9ca', 'verb', 'conjugate_form', 'conjugate_form', json('{"lemma":"gehen","pos":"verb","requestedForm":{"tense":"participle","mood":"indicative","voice":"active"},"cefrLevel":"A1","instructions":"Gib das Partizip II von \"gehen\" an.","example":{"de":"Er ging zur Schule.","en":"Wir sind nach Hause gegangen."}}'), json('{"form":"gegangen"}'), json('[{"type":"example_de","value":"Er ging zur Schule."},{"type":"example_en","value":"Wir sind nach Hause gegangen."},{"type":"auxiliary","value":"sein"}]'), json('{"aux":"sein"}'), 2, 'verbs-foundation', unixepoch('2025-01-01T00:00:00.000Z'), unixepoch('2025-01-01T00:00:00.000Z')),
  ('task:de:verb:haben:6b7855da:conjugate_form:1:f7700b3c', 'de:verb:haben:6b7855da', 'verb', 'conjugate_form', 'conjugate_form', json('{"lemma":"haben","pos":"verb","requestedForm":{"tense":"past","mood":"indicative","person":3,"number":"singular"},"cefrLevel":"A1","instructions":"Konjugiere \"haben\" in der Präteritumform (er/sie/es).","example":{"de":"Ich hatte keine Zeit.","en":"Er hat viel Geld gehabt."}}'), json('{"form":"hatte"}'), json('[{"type":"example_de","value":"Ich hatte keine Zeit."},{"type":"example_en","value":"Er hat viel Geld gehabt."},{"type":"auxiliary","value":"haben"}]'), json('{"aux":"haben","separable":false}'), 1, 'verbs-foundation', unixepoch('2025-01-01T00:00:00.000Z'), unixepoch('2025-01-01T00:00:00.000Z')),
  ('task:de:verb:haben:6b7855da:conjugate_form:2:4d4919a7', 'de:verb:haben:6b7855da', 'verb', 'conjugate_form', 'conjugate_form', json('{"lemma":"haben","pos":"verb","requestedForm":{"tense":"participle","mood":"indicative","voice":"active"},"cefrLevel":"A1","instructions":"Gib das Partizip II von \"haben\" an.","example":{"de":"Ich hatte keine Zeit.","en":"Er hat viel Geld gehabt."}}'), json('{"form":"gehabt"}'), json('[{"type":"example_de","value":"Ich hatte keine Zeit."},{"type":"example_en","value":"Er hat viel Geld gehabt."},{"type":"auxiliary","value":"haben"}]'), json('{"aux":"haben"}'), 2, 'verbs-foundation', unixepoch('2025-01-01T00:00:00.000Z'), unixepoch('2025-01-01T00:00:00.000Z')),
  ('task:de:verb:heien:0a417ffe:conjugate_form:1:b2e3b5a5', 'de:verb:heien:0a417ffe', 'verb', 'conjugate_form', 'conjugate_form', json('{"lemma":"heißen","pos":"verb","requestedForm":{"tense":"past","mood":"indicative","person":3,"number":"singular"},"cefrLevel":"A1","instructions":"Konjugiere \"heißen\" in der Präteritumform (er/sie/es).","example":{"de":"Er hieß Peter.","en":"Sie hat anders geheißen."}}'), json('{"form":"hieß"}'), json('[{"type":"example_de","value":"Er hieß Peter."},{"type":"example_en","value":"Sie hat anders geheißen."},{"type":"auxiliary","value":"haben"}]'), json('{"aux":"haben"}'), 1, 'verbs-foundation', unixepoch('2025-01-01T00:00:00.000Z'), unixepoch('2025-01-01T00:00:00.000Z')),
  ('task:de:verb:heien:0a417ffe:conjugate_form:2:41649159', 'de:verb:heien:0a417ffe', 'verb', 'conjugate_form', 'conjugate_form', json('{"lemma":"heißen","pos":"verb","requestedForm":{"tense":"participle","mood":"indicative","voice":"active"},"cefrLevel":"A1","instructions":"Gib das Partizip II von \"heißen\" an.","example":{"de":"Er hieß Peter.","en":"Sie hat anders geheißen."}}'), json('{"form":"geheißen"}'), json('[{"type":"example_de","value":"Er hieß Peter."},{"type":"example_en","value":"Sie hat anders geheißen."},{"type":"auxiliary","value":"haben"}]'), json('{"aux":"haben"}'), 2, 'verbs-foundation', unixepoch('2025-01-01T00:00:00.000Z'), unixepoch('2025-01-01T00:00:00.000Z')),
  ('task:de:verb:horen:76923fd3:conjugate_form:1:7876028c', 'de:verb:horen:76923fd3', 'verb', 'conjugate_form', 'conjugate_form', json('{"lemma":"hören","pos":"verb","requestedForm":{"tense":"past","mood":"indicative","person":3,"number":"singular"},"cefrLevel":"A1","instructions":"Konjugiere \"hören\" in der Präteritumform (er/sie/es).","example":{"de":"Sie hörte Musik.","en":"Ich habe ein Geräusch gehört."}}'), json('{"form":"hörte"}'), json('[{"type":"example_de","value":"Sie hörte Musik."},{"type":"example_en","value":"Ich habe ein Geräusch gehört."},{"type":"auxiliary","value":"haben"}]'), json('{"aux":"haben"}'), 1, 'verbs-foundation', unixepoch('2025-01-01T00:00:00.000Z'), unixepoch('2025-01-01T00:00:00.000Z')),
  ('task:de:verb:horen:76923fd3:conjugate_form:2:47e22841', 'de:verb:horen:76923fd3', 'verb', 'conjugate_form', 'conjugate_form', json('{"lemma":"hören","pos":"verb","requestedForm":{"tense":"participle","mood":"indicative","voice":"active"},"cefrLevel":"A1","instructions":"Gib das Partizip II von \"hören\" an.","example":{"de":"Sie hörte Musik.","en":"Ich habe ein Geräusch gehört."}}'), json('{"form":"gehört"}'), json('[{"type":"example_de","value":"Sie hörte Musik."},{"type":"example_en","value":"Ich habe ein Geräusch gehört."},{"type":"auxiliary","value":"haben"}]'), json('{"aux":"haben"}'), 2, 'verbs-foundation', unixepoch('2025-01-01T00:00:00.000Z'), unixepoch('2025-01-01T00:00:00.000Z')),
  ('task:de:verb:kaufen:b2486f52:conjugate_form:1:e176f3fc', 'de:verb:kaufen:b2486f52', 'verb', 'conjugate_form', 'conjugate_form', json('{"lemma":"kaufen","pos":"verb","requestedForm":{"tense":"past","mood":"indicative","person":3,"number":"singular"},"cefrLevel":"A1","instructions":"Konjugiere \"kaufen\" in der Präteritumform (er/sie/es).","example":{"de":"Sie kaufte neue Schuhe.","en":"Er hat ein Auto gekauft."}}'), json('{"form":"kaufte"}'), json('[{"type":"example_de","value":"Sie kaufte neue Schuhe."},{"type":"example_en","value":"Er hat ein Auto gekauft."},{"type":"auxiliary","value":"haben"}]'), json('{"aux":"haben"}'), 1, 'verbs-foundation', unixepoch('2025-01-01T00:00:00.000Z'), unixepoch('2025-01-01T00:00:00.000Z')),
  ('task:de:verb:kaufen:b2486f52:conjugate_form:2:48438cf3', 'de:verb:kaufen:b2486f52', 'verb', 'conjugate_form', 'conjugate_form', json('{"lemma":"kaufen","pos":"verb","requestedForm":{"tense":"participle","mood":"indicative","voice":"active"},"cefrLevel":"A1","instructions":"Gib das Partizip II von \"kaufen\" an.","example":{"de":"Sie kaufte neue Schuhe.","en":"Er hat ein Auto gekauft."}}'), json('{"form":"gekauft"}'), json('[{"type":"example_de","value":"Sie kaufte neue Schuhe."},{"type":"example_en","value":"Er hat ein Auto gekauft."},{"type":"auxiliary","value":"haben"}]'), json('{"aux":"haben"}'), 2, 'verbs-foundation', unixepoch('2025-01-01T00:00:00.000Z'), unixepoch('2025-01-01T00:00:00.000Z')),
  ('task:de:verb:kommen:7df1ed0e:conjugate_form:1:c775599e', 'de:verb:kommen:7df1ed0e', 'verb', 'conjugate_form', 'conjugate_form', json('{"lemma":"kommen","pos":"verb","requestedForm":{"tense":"past","mood":"indicative","person":3,"number":"singular"},"cefrLevel":"A1","instructions":"Konjugiere \"kommen\" in der Präteritumform (er/sie/es).","example":{"de":"Sie kam spät.","en":"Der Bus ist pünktlich gekommen."}}'), json('{"form":"kam"}'), json('[{"type":"example_de","value":"Sie kam spät."},{"type":"example_en","value":"Der Bus ist pünktlich gekommen."},{"type":"auxiliary","value":"sein"}]'), json('{"aux":"sein"}'), 1, 'verbs-foundation', unixepoch('2025-01-01T00:00:00.000Z'), unixepoch('2025-01-01T00:00:00.000Z')),
  ('task:de:verb:kommen:7df1ed0e:conjugate_form:2:ea852eaa', 'de:verb:kommen:7df1ed0e', 'verb', 'conjugate_form', 'conjugate_form', json('{"lemma":"kommen","pos":"verb","requestedForm":{"tense":"participle","mood":"indicative","voice":"active"},"cefrLevel":"A1","instructions":"Gib das Partizip II von \"kommen\" an.","example":{"de":"Sie kam spät.","en":"Der Bus ist pünktlich gekommen."}}'), json('{"form":"gekommen"}'), json('[{"type":"example_de","value":"Sie kam spät."},{"type":"example_en","value":"Der Bus ist pünktlich gekommen."},{"type":"auxiliary","value":"sein"}]'), json('{"aux":"sein"}'), 2, 'verbs-foundation', unixepoch('2025-01-01T00:00:00.000Z'), unixepoch('2025-01-01T00:00:00.000Z')),
  ('task:de:verb:konnen:f5b71764:conjugate_form:1:53a0fb89', 'de:verb:konnen:f5b71764', 'verb', 'conjugate_form', 'conjugate_form', json('{"lemma":"können","pos":"verb","requestedForm":{"tense":"past","mood":"indicative","person":3,"number":"singular"},"cefrLevel":"A1","instructions":"Konjugiere \"können\" in der Präteritumform (er/sie/es).","example":{"de":"Er konnte gut schwimmen.","en":"Das hat er immer gut gekonnt."}}'), json('{"form":"konnte"}'), json('[{"type":"example_de","value":"Er konnte gut schwimmen."},{"type":"example_en","value":"Das hat er immer gut gekonnt."},{"type":"auxiliary","value":"haben"}]'), json('{"aux":"haben"}'), 1, 'verbs-foundation', unixepoch('2025-01-01T00:00:00.000Z'), unixepoch('2025-01-01T00:00:00.000Z')),
  ('task:de:verb:konnen:f5b71764:conjugate_form:2:e7b864a3', 'de:verb:konnen:f5b71764', 'verb', 'conjugate_form', 'conjugate_form', json('{"lemma":"können","pos":"verb","requestedForm":{"tense":"participle","mood":"indicative","voice":"active"},"cefrLevel":"A1","instructions":"Gib das Partizip II von \"können\" an.","example":{"de":"Er konnte gut schwimmen.","en":"Das hat er immer gut gekonnt."}}'), json('{"form":"gekonnt"}'), json('[{"type":"example_de","value":"Er konnte gut schwimmen."},{"type":"example_en","value":"Das hat er immer gut gekonnt."},{"type":"auxiliary","value":"haben"}]'), json('{"aux":"haben"}'), 2, 'verbs-foundation', unixepoch('2025-01-01T00:00:00.000Z'), unixepoch('2025-01-01T00:00:00.000Z')),
  ('task:de:verb:laufen:a1f8f02c:conjugate_form:1:ec588a48', 'de:verb:laufen:a1f8f02c', 'verb', 'conjugate_form', 'conjugate_form', json('{"lemma":"laufen","pos":"verb","requestedForm":{"tense":"past","mood":"indicative","person":3,"number":"singular"},"cefrLevel":"A1","instructions":"Konjugiere \"laufen\" in der Präteritumform (er/sie/es).","example":{"de":"Er lief schnell.","en":"Sie ist einen Marathon gelaufen."}}'), json('{"form":"lief"}'), json('[{"type":"example_de","value":"Er lief schnell."},{"type":"example_en","value":"Sie ist einen Marathon gelaufen."},{"type":"auxiliary","value":"sein"}]'), json('{"aux":"sein"}'), 1, 'verbs-foundation', unixepoch('2025-01-01T00:00:00.000Z'), unixepoch('2025-01-01T00:00:00.000Z')),
  ('task:de:verb:laufen:a1f8f02c:conjugate_form:2:bbededa4', 'de:verb:laufen:a1f8f02c', 'verb', 'conjugate_form', 'conjugate_form', json('{"lemma":"laufen","pos":"verb","requestedForm":{"tense":"participle","mood":"indicative","voice":"active"},"cefrLevel":"A1","instructions":"Gib das Partizip II von \"laufen\" an.","example":{"de":"Er lief schnell.","en":"Sie ist einen Marathon gelaufen."}}'), json('{"form":"gelaufen"}'), json('[{"type":"example_de","value":"Er lief schnell."},{"type":"example_en","value":"Sie ist einen Marathon gelaufen."},{"type":"auxiliary","value":"sein"}]'), json('{"aux":"sein"}'), 2, 'verbs-foundation', unixepoch('2025-01-01T00:00:00.000Z'), unixepoch('2025-01-01T00:00:00.000Z')),
  ('task:de:verb:leben:eedbdf34:conjugate_form:1:1eb6d6cd', 'de:verb:leben:eedbdf34', 'verb', 'conjugate_form', 'conjugate_form', json('{"lemma":"leben","pos":"verb","requestedForm":{"tense":"past","mood":"indicative","person":3,"number":"singular"},"cefrLevel":"A1","instructions":"Konjugiere \"leben\" in der Präteritumform (er/sie/es).","example":{"de":"Er lebte in Berlin.","en":"Sie hat lange in Paris gelebt."}}'), json('{"form":"lebte"}'), json('[{"type":"example_de","value":"Er lebte in Berlin."},{"type":"example_en","value":"Sie hat lange in Paris gelebt."},{"type":"auxiliary","value":"haben"}]'), json('{"aux":"haben"}'), 1, 'verbs-foundation', unixepoch('2025-01-01T00:00:00.000Z'), unixepoch('2025-01-01T00:00:00.000Z')),
  ('task:de:verb:leben:eedbdf34:conjugate_form:2:c963e1fd', 'de:verb:leben:eedbdf34', 'verb', 'conjugate_form', 'conjugate_form', json('{"lemma":"leben","pos":"verb","requestedForm":{"tense":"participle","mood":"indicative","voice":"active"},"cefrLevel":"A1","instructions":"Gib das Partizip II von \"leben\" an.","example":{"de":"Er lebte in Berlin.","en":"Sie hat lange in Paris gelebt."}}'), json('{"form":"gelebt"}'), json('[{"type":"example_de","value":"Er lebte in Berlin."},{"type":"example_en","value":"Sie hat lange in Paris gelebt."},{"type":"auxiliary","value":"haben"}]'), json('{"aux":"haben"}'), 2, 'verbs-foundation', unixepoch('2025-01-01T00:00:00.000Z'), unixepoch('2025-01-01T00:00:00.000Z')),
  ('task:de:verb:lernen:5b328a53:conjugate_form:1:7faeff2f', 'de:verb:lernen:5b328a53', 'verb', 'conjugate_form', 'conjugate_form', json('{"lemma":"lernen","pos":"verb","requestedForm":{"tense":"past","mood":"indicative","person":3,"number":"singular"},"cefrLevel":"A1","instructions":"Konjugiere \"lernen\" in der Präteritumform (er/sie/es).","example":{"de":"Sie lernte Deutsch.","en":"Er hat viel gelernt."}}'), json('{"form":"lernte"}'), json('[{"type":"example_de","value":"Sie lernte Deutsch."},{"type":"example_en","value":"Er hat viel gelernt."},{"type":"auxiliary","value":"haben"}]'), json('{"aux":"haben"}'), 1, 'verbs-foundation', unixepoch('2025-01-01T00:00:00.000Z'), unixepoch('2025-01-01T00:00:00.000Z')),
  ('task:de:verb:lernen:5b328a53:conjugate_form:2:3ed01d4f', 'de:verb:lernen:5b328a53', 'verb', 'conjugate_form', 'conjugate_form', json('{"lemma":"lernen","pos":"verb","requestedForm":{"tense":"participle","mood":"indicative","voice":"active"},"cefrLevel":"A1","instructions":"Gib das Partizip II von \"lernen\" an.","example":{"de":"Sie lernte Deutsch.","en":"Er hat viel gelernt."}}'), json('{"form":"gelernt"}'), json('[{"type":"example_de","value":"Sie lernte Deutsch."},{"type":"example_en","value":"Er hat viel gelernt."},{"type":"auxiliary","value":"haben"}]'), json('{"aux":"haben"}'), 2, 'verbs-foundation', unixepoch('2025-01-01T00:00:00.000Z'), unixepoch('2025-01-01T00:00:00.000Z')),
  ('task:de:verb:lesen:c900d552:conjugate_form:1:b4a99265', 'de:verb:lesen:c900d552', 'verb', 'conjugate_form', 'conjugate_form', json('{"lemma":"lesen","pos":"verb","requestedForm":{"tense":"past","mood":"indicative","person":3,"number":"singular"},"cefrLevel":"A1","instructions":"Konjugiere \"lesen\" in der Präteritumform (er/sie/es).","example":{"de":"Sie las ein interessantes Buch.","en":"Er hat die Zeitung gelesen."}}'), json('{"form":"las"}'), json('[{"type":"example_de","value":"Sie las ein interessantes Buch."},{"type":"example_en","value":"Er hat die Zeitung gelesen."},{"type":"auxiliary","value":"haben"}]'), json('{"aux":"haben"}'), 1, 'verbs-foundation', unixepoch('2025-01-01T00:00:00.000Z'), unixepoch('2025-01-01T00:00:00.000Z')),
  ('task:de:verb:lesen:c900d552:conjugate_form:2:8df6c882', 'de:verb:lesen:c900d552', 'verb', 'conjugate_form', 'conjugate_form', json('{"lemma":"lesen","pos":"verb","requestedForm":{"tense":"participle","mood":"indicative","voice":"active"},"cefrLevel":"A1","instructions":"Gib das Partizip II von \"lesen\" an.","example":{"de":"Sie las ein interessantes Buch.","en":"Er hat die Zeitung gelesen."}}'), json('{"form":"gelesen"}'), json('[{"type":"example_de","value":"Sie las ein interessantes Buch."},{"type":"example_en","value":"Er hat die Zeitung gelesen."},{"type":"auxiliary","value":"haben"}]'), json('{"aux":"haben"}'), 2, 'verbs-foundation', unixepoch('2025-01-01T00:00:00.000Z'), unixepoch('2025-01-01T00:00:00.000Z')),
  ('task:de:verb:machen:3e9552c8:conjugate_form:1:31576471', 'de:verb:machen:3e9552c8', 'verb', 'conjugate_form', 'conjugate_form', json('{"lemma":"machen","pos":"verb","requestedForm":{"tense":"past","mood":"indicative","person":3,"number":"singular"},"cefrLevel":"A1","instructions":"Konjugiere \"machen\" in der Präteritumform (er/sie/es).","example":{"de":"Er machte seine Hausaufgaben.","en":"Sie hat das Essen gemacht."}}'), json('{"form":"machte"}'), json('[{"type":"example_de","value":"Er machte seine Hausaufgaben."},{"type":"example_en","value":"Sie hat das Essen gemacht."},{"type":"auxiliary","value":"haben"}]'), json('{"aux":"haben"}'), 1, 'verbs-foundation', unixepoch('2025-01-01T00:00:00.000Z'), unixepoch('2025-01-01T00:00:00.000Z')),
  ('task:de:verb:machen:3e9552c8:conjugate_form:2:3af8e751', 'de:verb:machen:3e9552c8', 'verb', 'conjugate_form', 'conjugate_form', json('{"lemma":"machen","pos":"verb","requestedForm":{"tense":"participle","mood":"indicative","voice":"active"},"cefrLevel":"A1","instructions":"Gib das Partizip II von \"machen\" an.","example":{"de":"Er machte seine Hausaufgaben.","en":"Sie hat das Essen gemacht."}}'), json('{"form":"gemacht"}'), json('[{"type":"example_de","value":"Er machte seine Hausaufgaben."},{"type":"example_en","value":"Sie hat das Essen gemacht."},{"type":"auxiliary","value":"haben"}]'), json('{"aux":"haben"}'), 2, 'verbs-foundation', unixepoch('2025-01-01T00:00:00.000Z'), unixepoch('2025-01-01T00:00:00.000Z')),
  ('task:de:verb:mussen:5c5eebed:conjugate_form:1:53200caa', 'de:verb:mussen:5c5eebed', 'verb', 'conjugate_form', 'conjugate_form', json('{"lemma":"müssen","pos":"verb","requestedForm":{"tense":"past","mood":"indicative","person":3,"number":"singular"},"cefrLevel":"A1","instructions":"Konjugiere \"müssen\" in der Präteritumform (er/sie/es).","example":{"de":"Ich musste früh aufstehen.","en":"Er hat arbeiten gemusst."}}'), json('{"form":"musste"}'), json('[{"type":"example_de","value":"Ich musste früh aufstehen."},{"type":"example_en","value":"Er hat arbeiten gemusst."},{"type":"auxiliary","value":"haben"}]'), json('{"aux":"haben"}'), 1, 'verbs-foundation', unixepoch('2025-01-01T00:00:00.000Z'), unixepoch('2025-01-01T00:00:00.000Z')),
  ('task:de:verb:mussen:5c5eebed:conjugate_form:2:9a84db25', 'de:verb:mussen:5c5eebed', 'verb', 'conjugate_form', 'conjugate_form', json('{"lemma":"müssen","pos":"verb","requestedForm":{"tense":"participle","mood":"indicative","voice":"active"},"cefrLevel":"A1","instructions":"Gib das Partizip II von \"müssen\" an.","example":{"de":"Ich musste früh aufstehen.","en":"Er hat arbeiten gemusst."}}'), json('{"form":"gemusst"}'), json('[{"type":"example_de","value":"Ich musste früh aufstehen."},{"type":"example_en","value":"Er hat arbeiten gemusst."},{"type":"auxiliary","value":"haben"}]'), json('{"aux":"haben"}'), 2, 'verbs-foundation', unixepoch('2025-01-01T00:00:00.000Z'), unixepoch('2025-01-01T00:00:00.000Z')),
  ('task:de:verb:schlafen:d2453ec6:conjugate_form:1:52f22253', 'de:verb:schlafen:d2453ec6', 'verb', 'conjugate_form', 'conjugate_form', json('{"lemma":"schlafen","pos":"verb","requestedForm":{"tense":"past","mood":"indicative","person":3,"number":"singular"},"cefrLevel":"A1","instructions":"Konjugiere \"schlafen\" in der Präteritumform (er/sie/es).","example":{"de":"Das Kind schlief tief.","en":"Ich habe gut geschlafen."}}'), json('{"form":"schlief"}'), json('[{"type":"example_de","value":"Das Kind schlief tief."},{"type":"example_en","value":"Ich habe gut geschlafen."},{"type":"auxiliary","value":"haben"}]'), json('{"aux":"haben"}'), 1, 'verbs-foundation', unixepoch('2025-01-01T00:00:00.000Z'), unixepoch('2025-01-01T00:00:00.000Z')),
  ('task:de:verb:schlafen:d2453ec6:conjugate_form:2:3b358c53', 'de:verb:schlafen:d2453ec6', 'verb', 'conjugate_form', 'conjugate_form', json('{"lemma":"schlafen","pos":"verb","requestedForm":{"tense":"participle","mood":"indicative","voice":"active"},"cefrLevel":"A1","instructions":"Gib das Partizip II von \"schlafen\" an.","example":{"de":"Das Kind schlief tief.","en":"Ich habe gut geschlafen."}}'), json('{"form":"geschlafen"}'), json('[{"type":"example_de","value":"Das Kind schlief tief."},{"type":"example_en","value":"Ich habe gut geschlafen."},{"type":"auxiliary","value":"haben"}]'), json('{"aux":"haben"}'), 2, 'verbs-foundation', unixepoch('2025-01-01T00:00:00.000Z'), unixepoch('2025-01-01T00:00:00.000Z')),
  ('task:de:verb:schreiben:954e0878:conjugate_form:1:d9cc235e', 'de:verb:schreiben:954e0878', 'verb', 'conjugate_form', 'conjugate_form', json('{"lemma":"schreiben","pos":"verb","requestedForm":{"tense":"past","mood":"indicative","person":3,"number":"singular"},"cefrLevel":"A1","instructions":"Konjugiere \"schreiben\" in der Präteritumform (er/sie/es).","example":{"de":"Er schrieb einen Brief.","en":"Sie hat eine E-Mail geschrieben."}}'), json('{"form":"schrieb"}'), json('[{"type":"example_de","value":"Er schrieb einen Brief."},{"type":"example_en","value":"Sie hat eine E-Mail geschrieben."},{"type":"auxiliary","value":"haben"}]'), json('{"aux":"haben"}'), 1, 'verbs-foundation', unixepoch('2025-01-01T00:00:00.000Z'), unixepoch('2025-01-01T00:00:00.000Z')),
  ('task:de:verb:schreiben:954e0878:conjugate_form:2:7a9179d6', 'de:verb:schreiben:954e0878', 'verb', 'conjugate_form', 'conjugate_form', json('{"lemma":"schreiben","pos":"verb","requestedForm":{"tense":"participle","mood":"indicative","voice":"active"},"cefrLevel":"A1","instructions":"Gib das Partizip II von \"schreiben\" an.","example":{"de":"Er schrieb einen Brief.","en":"Sie hat eine E-Mail geschrieben."}}'), json('{"form":"geschrieben"}'), json('[{"type":"example_de","value":"Er schrieb einen Brief."},{"type":"example_en","value":"Sie hat eine E-Mail geschrieben."},{"type":"auxiliary","value":"haben"}]'), json('{"aux":"haben"}'), 2, 'verbs-foundation', unixepoch('2025-01-01T00:00:00.000Z'), unixepoch('2025-01-01T00:00:00.000Z')),
  ('task:de:verb:schwimmen:669504d1:conjugate_form:1:203f0b85', 'de:verb:schwimmen:669504d1', 'verb', 'conjugate_form', 'conjugate_form', json('{"lemma":"schwimmen","pos":"verb","requestedForm":{"tense":"past","mood":"indicative","person":3,"number":"singular"},"cefrLevel":"A1","instructions":"Konjugiere \"schwimmen\" in der Präteritumform (er/sie/es).","example":{"de":"Er schwamm im See.","en":"Sie ist einen Kilometer geschwommen."}}'), json('{"form":"schwamm"}'), json('[{"type":"example_de","value":"Er schwamm im See."},{"type":"example_en","value":"Sie ist einen Kilometer geschwommen."},{"type":"auxiliary","value":"sein"}]'), json('{"aux":"sein"}'), 1, 'verbs-foundation', unixepoch('2025-01-01T00:00:00.000Z'), unixepoch('2025-01-01T00:00:00.000Z')),
  ('task:de:verb:schwimmen:669504d1:conjugate_form:2:d4737f9b', 'de:verb:schwimmen:669504d1', 'verb', 'conjugate_form', 'conjugate_form', json('{"lemma":"schwimmen","pos":"verb","requestedForm":{"tense":"participle","mood":"indicative","voice":"active"},"cefrLevel":"A1","instructions":"Gib das Partizip II von \"schwimmen\" an.","example":{"de":"Er schwamm im See.","en":"Sie ist einen Kilometer geschwommen."}}'), json('{"form":"geschwommen"}'), json('[{"type":"example_de","value":"Er schwamm im See."},{"type":"example_en","value":"Sie ist einen Kilometer geschwommen."},{"type":"auxiliary","value":"sein"}]'), json('{"aux":"sein"}'), 2, 'verbs-foundation', unixepoch('2025-01-01T00:00:00.000Z'), unixepoch('2025-01-01T00:00:00.000Z')),
  ('task:de:verb:sehen:b70191ab:conjugate_form:1:fbf4d725', 'de:verb:sehen:b70191ab', 'verb', 'conjugate_form', 'conjugate_form', json('{"lemma":"sehen","pos":"verb","requestedForm":{"tense":"past","mood":"indicative","person":3,"number":"singular"},"cefrLevel":"A1","instructions":"Konjugiere \"sehen\" in der Präteritumform (er/sie/es).","example":{"de":"Er sah einen Film.","en":"Wir haben uns gestern gesehen."}}'), json('{"form":"sah"}'), json('[{"type":"example_de","value":"Er sah einen Film."},{"type":"example_en","value":"Wir haben uns gestern gesehen."},{"type":"auxiliary","value":"haben"}]'), json('{"aux":"haben"}'), 1, 'verbs-foundation', unixepoch('2025-01-01T00:00:00.000Z'), unixepoch('2025-01-01T00:00:00.000Z')),
  ('task:de:verb:sehen:b70191ab:conjugate_form:2:e6169ae8', 'de:verb:sehen:b70191ab', 'verb', 'conjugate_form', 'conjugate_form', json('{"lemma":"sehen","pos":"verb","requestedForm":{"tense":"participle","mood":"indicative","voice":"active"},"cefrLevel":"A1","instructions":"Gib das Partizip II von \"sehen\" an.","example":{"de":"Er sah einen Film.","en":"Wir haben uns gestern gesehen."}}'), json('{"form":"gesehen"}'), json('[{"type":"example_de","value":"Er sah einen Film."},{"type":"example_en","value":"Wir haben uns gestern gesehen."},{"type":"auxiliary","value":"haben"}]'), json('{"aux":"haben"}'), 2, 'verbs-foundation', unixepoch('2025-01-01T00:00:00.000Z'), unixepoch('2025-01-01T00:00:00.000Z')),
  ('task:de:verb:sein:406c878d:conjugate_form:1:27131c62', 'de:verb:sein:406c878d', 'verb', 'conjugate_form', 'conjugate_form', json('{"lemma":"sein","pos":"verb","requestedForm":{"tense":"past","mood":"indicative","person":3,"number":"singular"},"cefrLevel":"A1","instructions":"Konjugiere \"sein\" in der Präteritumform (er/sie/es).","example":{"de":"Er war gestern krank.","en":"Sie ist lange in Berlin gewesen."}}'), json('{"form":"war"}'), json('[{"type":"example_de","value":"Er war gestern krank."},{"type":"example_en","value":"Sie ist lange in Berlin gewesen."},{"type":"auxiliary","value":"sein"}]'), json('{"aux":"sein","separable":false}'), 1, 'verbs-foundation', unixepoch('2025-01-01T00:00:00.000Z'), unixepoch('2025-01-01T00:00:00.000Z')),
  ('task:de:verb:sein:406c878d:conjugate_form:2:059130a6', 'de:verb:sein:406c878d', 'verb', 'conjugate_form', 'conjugate_form', json('{"lemma":"sein","pos":"verb","requestedForm":{"tense":"participle","mood":"indicative","voice":"active"},"cefrLevel":"A1","instructions":"Gib das Partizip II von \"sein\" an.","example":{"de":"Er war gestern krank.","en":"Sie ist lange in Berlin gewesen."}}'), json('{"form":"gewesen"}'), json('[{"type":"example_de","value":"Er war gestern krank."},{"type":"example_en","value":"Sie ist lange in Berlin gewesen."},{"type":"auxiliary","value":"sein"}]'), json('{"aux":"sein"}'), 2, 'verbs-foundation', unixepoch('2025-01-01T00:00:00.000Z'), unixepoch('2025-01-01T00:00:00.000Z')),
  ('task:de:verb:sollen:d4809c2d:conjugate_form:1:0146e0ed', 'de:verb:sollen:d4809c2d', 'verb', 'conjugate_form', 'conjugate_form', json('{"lemma":"sollen","pos":"verb","requestedForm":{"tense":"past","mood":"indicative","person":3,"number":"singular"},"cefrLevel":"A1","instructions":"Konjugiere \"sollen\" in der Präteritumform (er/sie/es).","example":{"de":"Du solltest mehr lernen.","en":"Das hätte ich nicht gesollt."}}'), json('{"form":"sollte"}'), json('[{"type":"example_de","value":"Du solltest mehr lernen."},{"type":"example_en","value":"Das hätte ich nicht gesollt."},{"type":"auxiliary","value":"haben"}]'), json('{"aux":"haben"}'), 1, 'verbs-foundation', unixepoch('2025-01-01T00:00:00.000Z'), unixepoch('2025-01-01T00:00:00.000Z')),
  ('task:de:verb:sollen:d4809c2d:conjugate_form:2:b827b7a5', 'de:verb:sollen:d4809c2d', 'verb', 'conjugate_form', 'conjugate_form', json('{"lemma":"sollen","pos":"verb","requestedForm":{"tense":"participle","mood":"indicative","voice":"active"},"cefrLevel":"A1","instructions":"Gib das Partizip II von \"sollen\" an.","example":{"de":"Du solltest mehr lernen.","en":"Das hätte ich nicht gesollt."}}'), json('{"form":"gesollt"}'), json('[{"type":"example_de","value":"Du solltest mehr lernen."},{"type":"example_en","value":"Das hätte ich nicht gesollt."},{"type":"auxiliary","value":"haben"}]'), json('{"aux":"haben"}'), 2, 'verbs-foundation', unixepoch('2025-01-01T00:00:00.000Z'), unixepoch('2025-01-01T00:00:00.000Z')),
  ('task:de:verb:spielen:71cf6aa9:conjugate_form:1:d0e5b3e0', 'de:verb:spielen:71cf6aa9', 'verb', 'conjugate_form', 'conjugate_form', json('{"lemma":"spielen","pos":"verb","requestedForm":{"tense":"past","mood":"indicative","person":3,"number":"singular"},"cefrLevel":"A1","instructions":"Konjugiere \"spielen\" in der Präteritumform (er/sie/es).","example":{"de":"Das Kind spielte im Garten.","en":"Wir haben Fußball gespielt."}}'), json('{"form":"spielte"}'), json('[{"type":"example_de","value":"Das Kind spielte im Garten."},{"type":"example_en","value":"Wir haben Fußball gespielt."},{"type":"auxiliary","value":"haben"}]'), json('{"aux":"haben"}'), 1, 'verbs-foundation', unixepoch('2025-01-01T00:00:00.000Z'), unixepoch('2025-01-01T00:00:00.000Z')),
  ('task:de:verb:spielen:71cf6aa9:conjugate_form:2:9e6f555b', 'de:verb:spielen:71cf6aa9', 'verb', 'conjugate_form', 'conjugate_form', json('{"lemma":"spielen","pos":"verb","requestedForm":{"tense":"participle","mood":"indicative","voice":"active"},"cefrLevel":"A1","instructions":"Gib das Partizip II von \"spielen\" an.","example":{"de":"Das Kind spielte im Garten.","en":"Wir haben Fußball gespielt."}}'), json('{"form":"gespielt"}'), json('[{"type":"example_de","value":"Das Kind spielte im Garten."},{"type":"example_en","value":"Wir haben Fußball gespielt."},{"type":"auxiliary","value":"haben"}]'), json('{"aux":"haben"}'), 2, 'verbs-foundation', unixepoch('2025-01-01T00:00:00.000Z'), unixepoch('2025-01-01T00:00:00.000Z')),
  ('task:de:verb:sprechen:1c525275:conjugate_form:1:c0d6448e', 'de:verb:sprechen:1c525275', 'verb', 'conjugate_form', 'conjugate_form', json('{"lemma":"sprechen","pos":"verb","requestedForm":{"tense":"past","mood":"indicative","person":3,"number":"singular"},"cefrLevel":"A1","instructions":"Konjugiere \"sprechen\" in der Präteritumform (er/sie/es).","example":{"de":"Er sprach sehr gut Deutsch.","en":"Sie hat mit ihrer Mutter gesprochen."}}'), json('{"form":"sprach"}'), json('[{"type":"example_de","value":"Er sprach sehr gut Deutsch."},{"type":"example_en","value":"Sie hat mit ihrer Mutter gesprochen."},{"type":"auxiliary","value":"haben"}]'), json('{"aux":"haben","separable":false}'), 1, 'verbs-foundation', unixepoch('2025-01-01T00:00:00.000Z'), unixepoch('2025-01-01T00:00:00.000Z')),
  ('task:de:verb:sprechen:1c525275:conjugate_form:2:72d7211a', 'de:verb:sprechen:1c525275', 'verb', 'conjugate_form', 'conjugate_form', json('{"lemma":"sprechen","pos":"verb","requestedForm":{"tense":"participle","mood":"indicative","voice":"active"},"cefrLevel":"A1","instructions":"Gib das Partizip II von \"sprechen\" an.","example":{"de":"Er sprach sehr gut Deutsch.","en":"Sie hat mit ihrer Mutter gesprochen."}}'), json('{"form":"gesprochen"}'), json('[{"type":"example_de","value":"Er sprach sehr gut Deutsch."},{"type":"example_en","value":"Sie hat mit ihrer Mutter gesprochen."},{"type":"auxiliary","value":"haben"}]'), json('{"aux":"haben"}'), 2, 'verbs-foundation', unixepoch('2025-01-01T00:00:00.000Z'), unixepoch('2025-01-01T00:00:00.000Z')),
  ('task:de:verb:suggerieren:3dbc0640:conjugate_form:1:5d1312b6', 'de:verb:suggerieren:3dbc0640', 'verb', 'conjugate_form', 'conjugate_form', json('{"lemma":"suggerieren","pos":"verb","requestedForm":{"tense":"past","mood":"indicative","person":3,"number":"singular"},"cefrLevel":"C2","instructions":"Konjugiere \"suggerieren\" in der Präteritumform (er/sie/es).","example":{"de":"Der Text suggerierte eine andere Interpretation.","en":"Die Studie hat einen Zusammenhang suggeriert."}}'), json('{"form":"suggerierte"}'), json('[{"type":"example_de","value":"Der Text suggerierte eine andere Interpretation."},{"type":"example_en","value":"Die Studie hat einen Zusammenhang suggeriert."},{"type":"auxiliary","value":"haben"}]'), json('{"aux":"haben"}'), 1, 'verbs-foundation', unixepoch('2025-01-01T00:00:00.000Z'), unixepoch('2025-01-01T00:00:00.000Z')),
  ('task:de:verb:suggerieren:3dbc0640:conjugate_form:2:96695288', 'de:verb:suggerieren:3dbc0640', 'verb', 'conjugate_form', 'conjugate_form', json('{"lemma":"suggerieren","pos":"verb","requestedForm":{"tense":"participle","mood":"indicative","voice":"active"},"cefrLevel":"C2","instructions":"Gib das Partizip II von \"suggerieren\" an.","example":{"de":"Der Text suggerierte eine andere Interpretation.","en":"Die Studie hat einen Zusammenhang suggeriert."}}'), json('{"form":"suggeriert"}'), json('[{"type":"example_de","value":"Der Text suggerierte eine andere Interpretation."},{"type":"example_en","value":"Die Studie hat einen Zusammenhang suggeriert."},{"type":"auxiliary","value":"haben"}]'), json('{"aux":"haben"}'), 2, 'verbs-foundation', unixepoch('2025-01-01T00:00:00.000Z'), unixepoch('2025-01-01T00:00:00.000Z')),
  ('task:de:verb:tanzen:2154a418:conjugate_form:1:5fbaee68', 'de:verb:tanzen:2154a418', 'verb', 'conjugate_form', 'conjugate_form', json('{"lemma":"tanzen","pos":"verb","requestedForm":{"tense":"past","mood":"indicative","person":3,"number":"singular"},"cefrLevel":"A1","instructions":"Konjugiere \"tanzen\" in der Präteritumform (er/sie/es).","example":{"de":"Sie tanzten die ganze Nacht.","en":"Wir haben Salsa getanzt."}}'), json('{"form":"tanzte"}'), json('[{"type":"example_de","value":"Sie tanzten die ganze Nacht."},{"type":"example_en","value":"Wir haben Salsa getanzt."},{"type":"auxiliary","value":"haben"}]'), json('{"aux":"haben"}'), 1, 'verbs-foundation', unixepoch('2025-01-01T00:00:00.000Z'), unixepoch('2025-01-01T00:00:00.000Z')),
  ('task:de:verb:tanzen:2154a418:conjugate_form:2:b9e8b143', 'de:verb:tanzen:2154a418', 'verb', 'conjugate_form', 'conjugate_form', json('{"lemma":"tanzen","pos":"verb","requestedForm":{"tense":"participle","mood":"indicative","voice":"active"},"cefrLevel":"A1","instructions":"Gib das Partizip II von \"tanzen\" an.","example":{"de":"Sie tanzten die ganze Nacht.","en":"Wir haben Salsa getanzt."}}'), json('{"form":"getanzt"}'), json('[{"type":"example_de","value":"Sie tanzten die ganze Nacht."},{"type":"example_en","value":"Wir haben Salsa getanzt."},{"type":"auxiliary","value":"haben"}]'), json('{"aux":"haben"}'), 2, 'verbs-foundation', unixepoch('2025-01-01T00:00:00.000Z'), unixepoch('2025-01-01T00:00:00.000Z')),
  ('task:de:verb:trinken:2db1376a:conjugate_form:1:252e598e', 'de:verb:trinken:2db1376a', 'verb', 'conjugate_form', 'conjugate_form', json('{"lemma":"trinken","pos":"verb","requestedForm":{"tense":"past","mood":"indicative","person":3,"number":"singular"},"cefrLevel":"A1","instructions":"Konjugiere \"trinken\" in der Präteritumform (er/sie/es).","example":{"de":"Sie trank Wasser.","en":"Er hat Kaffee getrunken."}}'), json('{"form":"trank"}'), json('[{"type":"example_de","value":"Sie trank Wasser."},{"type":"example_en","value":"Er hat Kaffee getrunken."},{"type":"auxiliary","value":"haben"}]'), json('{"aux":"haben"}'), 1, 'verbs-foundation', unixepoch('2025-01-01T00:00:00.000Z'), unixepoch('2025-01-01T00:00:00.000Z')),
  ('task:de:verb:trinken:2db1376a:conjugate_form:2:42fee64a', 'de:verb:trinken:2db1376a', 'verb', 'conjugate_form', 'conjugate_form', json('{"lemma":"trinken","pos":"verb","requestedForm":{"tense":"participle","mood":"indicative","voice":"active"},"cefrLevel":"A1","instructions":"Gib das Partizip II von \"trinken\" an.","example":{"de":"Sie trank Wasser.","en":"Er hat Kaffee getrunken."}}'), json('{"form":"getrunken"}'), json('[{"type":"example_de","value":"Sie trank Wasser."},{"type":"example_en","value":"Er hat Kaffee getrunken."},{"type":"auxiliary","value":"haben"}]'), json('{"aux":"haben"}'), 2, 'verbs-foundation', unixepoch('2025-01-01T00:00:00.000Z'), unixepoch('2025-01-01T00:00:00.000Z')),
  ('task:de:verb:ubertragen:f1a0f3ad:conjugate_form:1:2857eaf0', 'de:verb:ubertragen:f1a0f3ad', 'verb', 'conjugate_form', 'conjugate_form', json('{"lemma":"übertragen","pos":"verb","requestedForm":{"tense":"past","mood":"indicative","person":3,"number":"singular"},"cefrLevel":"B2","instructions":"Konjugiere \"übertragen\" in der Präteritumform (er/sie/es).","example":{"de":"Er übertrug die Verantwortung.","en":"Die Krankheit hat sich schnell übertragen."}}'), json('{"form":"übertrug"}'), json('[{"type":"example_de","value":"Er übertrug die Verantwortung."},{"type":"example_en","value":"Die Krankheit hat sich schnell übertragen."},{"type":"auxiliary","value":"haben"}]'), json('{"aux":"haben"}'), 1, 'verbs-foundation', unixepoch('2025-01-01T00:00:00.000Z'), unixepoch('2025-01-01T00:00:00.000Z')),
  ('task:de:verb:ubertragen:f1a0f3ad:conjugate_form:2:94fa9bd3', 'de:verb:ubertragen:f1a0f3ad', 'verb', 'conjugate_form', 'conjugate_form', json('{"lemma":"übertragen","pos":"verb","requestedForm":{"tense":"participle","mood":"indicative","voice":"active"},"cefrLevel":"B2","instructions":"Gib das Partizip II von \"übertragen\" an.","example":{"de":"Er übertrug die Verantwortung.","en":"Die Krankheit hat sich schnell übertragen."}}'), json('{"form":"übertragen"}'), json('[{"type":"example_de","value":"Er übertrug die Verantwortung."},{"type":"example_en","value":"Die Krankheit hat sich schnell übertragen."},{"type":"auxiliary","value":"haben"}]'), json('{"aux":"haben"}'), 2, 'verbs-foundation', unixepoch('2025-01-01T00:00:00.000Z'), unixepoch('2025-01-01T00:00:00.000Z')),
  ('task:de:verb:verbinden:ec6e57bb:conjugate_form:1:e081fad4', 'de:verb:verbinden:ec6e57bb', 'verb', 'conjugate_form', 'conjugate_form', json('{"lemma":"verbinden","pos":"verb","requestedForm":{"tense":"past","mood":"indicative","person":3,"number":"singular"},"cefrLevel":"B1","instructions":"Konjugiere \"verbinden\" in der Präteritumform (er/sie/es).","example":{"de":"Er verband die beiden Kabel.","en":"Sie hat Tradition mit Innovation verbunden."}}'), json('{"form":"verband"}'), json('[{"type":"example_de","value":"Er verband die beiden Kabel."},{"type":"example_en","value":"Sie hat Tradition mit Innovation verbunden."},{"type":"auxiliary","value":"haben"}]'), json('{"aux":"haben"}'), 1, 'verbs-foundation', unixepoch('2025-01-01T00:00:00.000Z'), unixepoch('2025-01-01T00:00:00.000Z')),
  ('task:de:verb:verbinden:ec6e57bb:conjugate_form:2:47f32766', 'de:verb:verbinden:ec6e57bb', 'verb', 'conjugate_form', 'conjugate_form', json('{"lemma":"verbinden","pos":"verb","requestedForm":{"tense":"participle","mood":"indicative","voice":"active"},"cefrLevel":"B1","instructions":"Gib das Partizip II von \"verbinden\" an.","example":{"de":"Er verband die beiden Kabel.","en":"Sie hat Tradition mit Innovation verbunden."}}'), json('{"form":"verbunden"}'), json('[{"type":"example_de","value":"Er verband die beiden Kabel."},{"type":"example_en","value":"Sie hat Tradition mit Innovation verbunden."},{"type":"auxiliary","value":"haben"}]'), json('{"aux":"haben"}'), 2, 'verbs-foundation', unixepoch('2025-01-01T00:00:00.000Z'), unixepoch('2025-01-01T00:00:00.000Z')),
  ('task:de:verb:werden:c8b02b87:conjugate_form:1:060aa62b', 'de:verb:werden:c8b02b87', 'verb', 'conjugate_form', 'conjugate_form', json('{"lemma":"werden","pos":"verb","requestedForm":{"tense":"past","mood":"indicative","person":3,"number":"singular"},"cefrLevel":"A1","instructions":"Konjugiere \"werden\" in der Präteritumform (er/sie/es).","example":{"de":"Sie wurde Lehrerin.","en":"Er ist Arzt geworden."}}'), json('{"form":"wurde"}'), json('[{"type":"example_de","value":"Sie wurde Lehrerin."},{"type":"example_en","value":"Er ist Arzt geworden."},{"type":"auxiliary","value":"sein"}]'), json('{"aux":"sein"}'), 1, 'verbs-foundation', unixepoch('2025-01-01T00:00:00.000Z'), unixepoch('2025-01-01T00:00:00.000Z')),
  ('task:de:verb:werden:c8b02b87:conjugate_form:2:970b5c59', 'de:verb:werden:c8b02b87', 'verb', 'conjugate_form', 'conjugate_form', json('{"lemma":"werden","pos":"verb","requestedForm":{"tense":"participle","mood":"indicative","voice":"active"},"cefrLevel":"A1","instructions":"Gib das Partizip II von \"werden\" an.","example":{"de":"Sie wurde Lehrerin.","en":"Er ist Arzt geworden."}}'), json('{"form":"geworden"}'), json('[{"type":"example_de","value":"Sie wurde Lehrerin."},{"type":"example_en","value":"Er ist Arzt geworden."},{"type":"auxiliary","value":"sein"}]'), json('{"aux":"sein"}'), 2, 'verbs-foundation', unixepoch('2025-01-01T00:00:00.000Z'), unixepoch('2025-01-01T00:00:00.000Z')),
  ('task:de:verb:wohnen:c1f88595:conjugate_form:1:f70cc6bf', 'de:verb:wohnen:c1f88595', 'verb', 'conjugate_form', 'conjugate_form', json('{"lemma":"wohnen","pos":"verb","requestedForm":{"tense":"past","mood":"indicative","person":3,"number":"singular"},"cefrLevel":"A1","instructions":"Konjugiere \"wohnen\" in der Präteritumform (er/sie/es).","example":{"de":"Er wohnte im Zentrum.","en":"Sie hat in einem Apartment gewohnt."}}'), json('{"form":"wohnte"}'), json('[{"type":"example_de","value":"Er wohnte im Zentrum."},{"type":"example_en","value":"Sie hat in einem Apartment gewohnt."},{"type":"auxiliary","value":"haben"}]'), json('{"aux":"haben"}'), 1, 'verbs-foundation', unixepoch('2025-01-01T00:00:00.000Z'), unixepoch('2025-01-01T00:00:00.000Z')),
  ('task:de:verb:wohnen:c1f88595:conjugate_form:2:aa42d106', 'de:verb:wohnen:c1f88595', 'verb', 'conjugate_form', 'conjugate_form', json('{"lemma":"wohnen","pos":"verb","requestedForm":{"tense":"participle","mood":"indicative","voice":"active"},"cefrLevel":"A1","instructions":"Gib das Partizip II von \"wohnen\" an.","example":{"de":"Er wohnte im Zentrum.","en":"Sie hat in einem Apartment gewohnt."}}'), json('{"form":"gewohnt"}'), json('[{"type":"example_de","value":"Er wohnte im Zentrum."},{"type":"example_en","value":"Sie hat in einem Apartment gewohnt."},{"type":"auxiliary","value":"haben"}]'), json('{"aux":"haben"}'), 2, 'verbs-foundation', unixepoch('2025-01-01T00:00:00.000Z'), unixepoch('2025-01-01T00:00:00.000Z')),
  ('task:de:verb:wollen:97a9e5f9:conjugate_form:1:301a7e9e', 'de:verb:wollen:97a9e5f9', 'verb', 'conjugate_form', 'conjugate_form', json('{"lemma":"wollen","pos":"verb","requestedForm":{"tense":"past","mood":"indicative","person":3,"number":"singular"},"cefrLevel":"A1","instructions":"Konjugiere \"wollen\" in der Präteritumform (er/sie/es).","example":{"de":"Er wollte nach Hause.","en":"Sie hat das nicht gewollt."}}'), json('{"form":"wollte"}'), json('[{"type":"example_de","value":"Er wollte nach Hause."},{"type":"example_en","value":"Sie hat das nicht gewollt."},{"type":"auxiliary","value":"haben"}]'), json('{"aux":"haben"}'), 1, 'verbs-foundation', unixepoch('2025-01-01T00:00:00.000Z'), unixepoch('2025-01-01T00:00:00.000Z')),
  ('task:de:verb:wollen:97a9e5f9:conjugate_form:2:5fbe4a05', 'de:verb:wollen:97a9e5f9', 'verb', 'conjugate_form', 'conjugate_form', json('{"lemma":"wollen","pos":"verb","requestedForm":{"tense":"participle","mood":"indicative","voice":"active"},"cefrLevel":"A1","instructions":"Gib das Partizip II von \"wollen\" an.","example":{"de":"Er wollte nach Hause.","en":"Sie hat das nicht gewollt."}}'), json('{"form":"gewollt"}'), json('[{"type":"example_de","value":"Er wollte nach Hause."},{"type":"example_en","value":"Sie hat das nicht gewollt."},{"type":"auxiliary","value":"haben"}]'), json('{"aux":"haben"}'), 2, 'verbs-foundation', unixepoch('2025-01-01T00:00:00.000Z'), unixepoch('2025-01-01T00:00:00.000Z'));

INSERT INTO pack_lexeme_map (pack_id, lexeme_id, primary_task_id, position, notes, created_at, updated_at) VALUES
  ('pack:adjectives-foundation:1', 'de:adjective:freundlich:6998fa1a', 'task:de:adjective:freundlich:6998fa1a:adj_ending:1:ed7a3665', 1, NULL, unixepoch('2025-01-01T00:00:00.000Z'), unixepoch('2025-01-01T00:00:00.000Z')),
  ('pack:adjectives-foundation:1', 'de:adjective:schnell:5f78762a', 'task:de:adjective:schnell:5f78762a:adj_ending:1:f5b4dc1e', 2, NULL, unixepoch('2025-01-01T00:00:00.000Z'), unixepoch('2025-01-01T00:00:00.000Z')),
  ('pack:nouns-foundation:1', 'de:noun:apfel:9265acb7', 'task:de:noun:apfel:9265acb7:noun_case_declension:1:0819e9bc', 1, NULL, unixepoch('2025-01-01T00:00:00.000Z'), unixepoch('2025-01-01T00:00:00.000Z')),
  ('pack:nouns-foundation:1', 'de:noun:flughafen:7bcec107', 'task:de:noun:flughafen:7bcec107:noun_case_declension:1:873c6fb3', 2, NULL, unixepoch('2025-01-01T00:00:00.000Z'), unixepoch('2025-01-01T00:00:00.000Z')),
  ('pack:nouns-foundation:1', 'de:noun:frau:48e5edb0', 'task:de:noun:frau:48e5edb0:noun_case_declension:1:77a280ed', 3, NULL, unixepoch('2025-01-01T00:00:00.000Z'), unixepoch('2025-01-01T00:00:00.000Z')),
  ('pack:nouns-foundation:1', 'de:noun:haus:5be69b76', 'task:de:noun:haus:5be69b76:noun_case_declension:1:8ba23b1a', 4, NULL, unixepoch('2025-01-01T00:00:00.000Z'), unixepoch('2025-01-01T00:00:00.000Z')),
  ('pack:nouns-foundation:1', 'de:noun:regierung:3bf1d9a1', 'task:de:noun:regierung:3bf1d9a1:noun_case_declension:1:b37b1deb', 5, NULL, unixepoch('2025-01-01T00:00:00.000Z'), unixepoch('2025-01-01T00:00:00.000Z')),
  ('pack:verbs-foundation:1', 'de:verb:arbeiten:905fa38d', 'task:de:verb:arbeiten:905fa38d:conjugate_form:1:bd580ed8', 1, NULL, unixepoch('2025-01-01T00:00:00.000Z'), unixepoch('2025-01-01T00:00:00.000Z')),
  ('pack:verbs-foundation:1', 'de:verb:beinhalten:fe6f16ea', 'task:de:verb:beinhalten:fe6f16ea:conjugate_form:1:1d09ab7a', 2, NULL, unixepoch('2025-01-01T00:00:00.000Z'), unixepoch('2025-01-01T00:00:00.000Z')),
  ('pack:verbs-foundation:1', 'de:verb:beschlieen:b68aaef9', 'task:de:verb:beschlieen:b68aaef9:conjugate_form:1:cf691764', 3, NULL, unixepoch('2025-01-01T00:00:00.000Z'), unixepoch('2025-01-01T00:00:00.000Z')),
  ('pack:verbs-foundation:1', 'de:verb:bewerten:8ba3cd51', 'task:de:verb:bewerten:8ba3cd51:conjugate_form:1:40a4b311', 4, NULL, unixepoch('2025-01-01T00:00:00.000Z'), unixepoch('2025-01-01T00:00:00.000Z')),
  ('pack:verbs-foundation:1', 'de:verb:differenzieren:dfd84879', 'task:de:verb:differenzieren:dfd84879:conjugate_form:1:3bbdbe9c', 5, NULL, unixepoch('2025-01-01T00:00:00.000Z'), unixepoch('2025-01-01T00:00:00.000Z')),
  ('pack:verbs-foundation:1', 'de:verb:durchfuhren:d7dd8386', 'task:de:verb:durchfuhren:d7dd8386:conjugate_form:1:2c58a283', 6, NULL, unixepoch('2025-01-01T00:00:00.000Z'), unixepoch('2025-01-01T00:00:00.000Z')),
  ('pack:verbs-foundation:1', 'de:verb:entsprechen:57d109b8', 'task:de:verb:entsprechen:57d109b8:conjugate_form:1:995bbdc4', 7, NULL, unixepoch('2025-01-01T00:00:00.000Z'), unixepoch('2025-01-01T00:00:00.000Z')),
  ('pack:verbs-foundation:1', 'de:verb:entstehen:1f1ff688', 'task:de:verb:entstehen:1f1ff688:conjugate_form:1:6ca90e42', 8, NULL, unixepoch('2025-01-01T00:00:00.000Z'), unixepoch('2025-01-01T00:00:00.000Z')),
  ('pack:verbs-foundation:1', 'de:verb:erortern:09d9db06', 'task:de:verb:erortern:09d9db06:conjugate_form:1:72542330', 9, NULL, unixepoch('2025-01-01T00:00:00.000Z'), unixepoch('2025-01-01T00:00:00.000Z')),
  ('pack:verbs-foundation:1', 'de:verb:erreichen:94cfa315', 'task:de:verb:erreichen:94cfa315:conjugate_form:1:3cd5b367', 10, NULL, unixepoch('2025-01-01T00:00:00.000Z'), unixepoch('2025-01-01T00:00:00.000Z')),
  ('pack:verbs-foundation:1', 'de:verb:essen:9062b395', 'task:de:verb:essen:9062b395:conjugate_form:1:71a6436f', 11, NULL, unixepoch('2025-01-01T00:00:00.000Z'), unixepoch('2025-01-01T00:00:00.000Z')),
  ('pack:verbs-foundation:1', 'de:verb:fahren:15cf3f6b', 'task:de:verb:fahren:15cf3f6b:conjugate_form:1:bad98e13', 12, NULL, unixepoch('2025-01-01T00:00:00.000Z'), unixepoch('2025-01-01T00:00:00.000Z')),
  ('pack:verbs-foundation:1', 'de:verb:fliegen:75459563', 'task:de:verb:fliegen:75459563:conjugate_form:1:cc487f39', 13, NULL, unixepoch('2025-01-01T00:00:00.000Z'), unixepoch('2025-01-01T00:00:00.000Z')),
  ('pack:verbs-foundation:1', 'de:verb:gedeihen:8ff24825', 'task:de:verb:gedeihen:8ff24825:conjugate_form:1:134320da', 14, NULL, unixepoch('2025-01-01T00:00:00.000Z'), unixepoch('2025-01-01T00:00:00.000Z')),
  ('pack:verbs-foundation:1', 'de:verb:gehen:c7dab9ca', 'task:de:verb:gehen:c7dab9ca:conjugate_form:1:acaba522', 15, NULL, unixepoch('2025-01-01T00:00:00.000Z'), unixepoch('2025-01-01T00:00:00.000Z')),
  ('pack:verbs-foundation:1', 'de:verb:haben:6b7855da', 'task:de:verb:haben:6b7855da:conjugate_form:1:f7700b3c', 16, NULL, unixepoch('2025-01-01T00:00:00.000Z'), unixepoch('2025-01-01T00:00:00.000Z')),
  ('pack:verbs-foundation:1', 'de:verb:heien:0a417ffe', 'task:de:verb:heien:0a417ffe:conjugate_form:1:b2e3b5a5', 17, NULL, unixepoch('2025-01-01T00:00:00.000Z'), unixepoch('2025-01-01T00:00:00.000Z')),
  ('pack:verbs-foundation:1', 'de:verb:horen:76923fd3', 'task:de:verb:horen:76923fd3:conjugate_form:1:7876028c', 18, NULL, unixepoch('2025-01-01T00:00:00.000Z'), unixepoch('2025-01-01T00:00:00.000Z')),
  ('pack:verbs-foundation:1', 'de:verb:kaufen:b2486f52', 'task:de:verb:kaufen:b2486f52:conjugate_form:1:e176f3fc', 19, NULL, unixepoch('2025-01-01T00:00:00.000Z'), unixepoch('2025-01-01T00:00:00.000Z')),
  ('pack:verbs-foundation:1', 'de:verb:kommen:7df1ed0e', 'task:de:verb:kommen:7df1ed0e:conjugate_form:1:c775599e', 20, NULL, unixepoch('2025-01-01T00:00:00.000Z'), unixepoch('2025-01-01T00:00:00.000Z')),
  ('pack:verbs-foundation:1', 'de:verb:konnen:f5b71764', 'task:de:verb:konnen:f5b71764:conjugate_form:1:53a0fb89', 21, NULL, unixepoch('2025-01-01T00:00:00.000Z'), unixepoch('2025-01-01T00:00:00.000Z')),
  ('pack:verbs-foundation:1', 'de:verb:laufen:a1f8f02c', 'task:de:verb:laufen:a1f8f02c:conjugate_form:1:ec588a48', 22, NULL, unixepoch('2025-01-01T00:00:00.000Z'), unixepoch('2025-01-01T00:00:00.000Z')),
  ('pack:verbs-foundation:1', 'de:verb:leben:eedbdf34', 'task:de:verb:leben:eedbdf34:conjugate_form:1:1eb6d6cd', 23, NULL, unixepoch('2025-01-01T00:00:00.000Z'), unixepoch('2025-01-01T00:00:00.000Z')),
  ('pack:verbs-foundation:1', 'de:verb:lernen:5b328a53', 'task:de:verb:lernen:5b328a53:conjugate_form:1:7faeff2f', 24, NULL, unixepoch('2025-01-01T00:00:00.000Z'), unixepoch('2025-01-01T00:00:00.000Z')),
  ('pack:verbs-foundation:1', 'de:verb:lesen:c900d552', 'task:de:verb:lesen:c900d552:conjugate_form:1:b4a99265', 25, NULL, unixepoch('2025-01-01T00:00:00.000Z'), unixepoch('2025-01-01T00:00:00.000Z')),
  ('pack:verbs-foundation:1', 'de:verb:machen:3e9552c8', 'task:de:verb:machen:3e9552c8:conjugate_form:1:31576471', 26, NULL, unixepoch('2025-01-01T00:00:00.000Z'), unixepoch('2025-01-01T00:00:00.000Z')),
  ('pack:verbs-foundation:1', 'de:verb:mussen:5c5eebed', 'task:de:verb:mussen:5c5eebed:conjugate_form:1:53200caa', 27, NULL, unixepoch('2025-01-01T00:00:00.000Z'), unixepoch('2025-01-01T00:00:00.000Z')),
  ('pack:verbs-foundation:1', 'de:verb:schlafen:d2453ec6', 'task:de:verb:schlafen:d2453ec6:conjugate_form:1:52f22253', 28, NULL, unixepoch('2025-01-01T00:00:00.000Z'), unixepoch('2025-01-01T00:00:00.000Z')),
  ('pack:verbs-foundation:1', 'de:verb:schreiben:954e0878', 'task:de:verb:schreiben:954e0878:conjugate_form:1:d9cc235e', 29, NULL, unixepoch('2025-01-01T00:00:00.000Z'), unixepoch('2025-01-01T00:00:00.000Z')),
  ('pack:verbs-foundation:1', 'de:verb:schwimmen:669504d1', 'task:de:verb:schwimmen:669504d1:conjugate_form:1:203f0b85', 30, NULL, unixepoch('2025-01-01T00:00:00.000Z'), unixepoch('2025-01-01T00:00:00.000Z')),
  ('pack:verbs-foundation:1', 'de:verb:sehen:b70191ab', 'task:de:verb:sehen:b70191ab:conjugate_form:1:fbf4d725', 31, NULL, unixepoch('2025-01-01T00:00:00.000Z'), unixepoch('2025-01-01T00:00:00.000Z')),
  ('pack:verbs-foundation:1', 'de:verb:sein:406c878d', 'task:de:verb:sein:406c878d:conjugate_form:1:27131c62', 32, NULL, unixepoch('2025-01-01T00:00:00.000Z'), unixepoch('2025-01-01T00:00:00.000Z')),
  ('pack:verbs-foundation:1', 'de:verb:sollen:d4809c2d', 'task:de:verb:sollen:d4809c2d:conjugate_form:1:0146e0ed', 33, NULL, unixepoch('2025-01-01T00:00:00.000Z'), unixepoch('2025-01-01T00:00:00.000Z')),
  ('pack:verbs-foundation:1', 'de:verb:spielen:71cf6aa9', 'task:de:verb:spielen:71cf6aa9:conjugate_form:1:d0e5b3e0', 34, NULL, unixepoch('2025-01-01T00:00:00.000Z'), unixepoch('2025-01-01T00:00:00.000Z')),
  ('pack:verbs-foundation:1', 'de:verb:sprechen:1c525275', 'task:de:verb:sprechen:1c525275:conjugate_form:1:c0d6448e', 35, NULL, unixepoch('2025-01-01T00:00:00.000Z'), unixepoch('2025-01-01T00:00:00.000Z')),
  ('pack:verbs-foundation:1', 'de:verb:suggerieren:3dbc0640', 'task:de:verb:suggerieren:3dbc0640:conjugate_form:1:5d1312b6', 36, NULL, unixepoch('2025-01-01T00:00:00.000Z'), unixepoch('2025-01-01T00:00:00.000Z')),
  ('pack:verbs-foundation:1', 'de:verb:tanzen:2154a418', 'task:de:verb:tanzen:2154a418:conjugate_form:1:5fbaee68', 37, NULL, unixepoch('2025-01-01T00:00:00.000Z'), unixepoch('2025-01-01T00:00:00.000Z')),
  ('pack:verbs-foundation:1', 'de:verb:trinken:2db1376a', 'task:de:verb:trinken:2db1376a:conjugate_form:1:252e598e', 38, NULL, unixepoch('2025-01-01T00:00:00.000Z'), unixepoch('2025-01-01T00:00:00.000Z')),
  ('pack:verbs-foundation:1', 'de:verb:ubertragen:f1a0f3ad', 'task:de:verb:ubertragen:f1a0f3ad:conjugate_form:1:2857eaf0', 39, NULL, unixepoch('2025-01-01T00:00:00.000Z'), unixepoch('2025-01-01T00:00:00.000Z')),
  ('pack:verbs-foundation:1', 'de:verb:verbinden:ec6e57bb', 'task:de:verb:verbinden:ec6e57bb:conjugate_form:1:e081fad4', 40, NULL, unixepoch('2025-01-01T00:00:00.000Z'), unixepoch('2025-01-01T00:00:00.000Z')),
  ('pack:verbs-foundation:1', 'de:verb:werden:c8b02b87', 'task:de:verb:werden:c8b02b87:conjugate_form:1:060aa62b', 41, NULL, unixepoch('2025-01-01T00:00:00.000Z'), unixepoch('2025-01-01T00:00:00.000Z')),
  ('pack:verbs-foundation:1', 'de:verb:wohnen:c1f88595', 'task:de:verb:wohnen:c1f88595:conjugate_form:1:f70cc6bf', 42, NULL, unixepoch('2025-01-01T00:00:00.000Z'), unixepoch('2025-01-01T00:00:00.000Z')),
  ('pack:verbs-foundation:1', 'de:verb:wollen:97a9e5f9', 'task:de:verb:wollen:97a9e5f9:conjugate_form:1:301a7e9e', 43, NULL, unixepoch('2025-01-01T00:00:00.000Z'), unixepoch('2025-01-01T00:00:00.000Z'));

COMMIT;
